,channel,subs,title,views,date,like,hate,review,hashtag1,hashtag2,hashtag3
1,Lime Tube[라임튜브], 295,라임의 핑거패밀리 인기동요 수영장 묶음 영상 Finger Family + More Nursery Rhymes & Kids Songs | LimeTube, 32716,2020. 8. 1, 195, 69,,forkids ,forchildren ,children
2,Lime Tube[라임튜브], 295,슈퍼마켓에 물난리가 났어요! 탈출해야 해요~ 로블록스 방탈출 roblox LimeTube, 16084,2020. 7. 30, 163, 25,38,로블록스,,
3,Lime Tube[라임튜브], 295,도전 웃음참기! 웃기는 스노우 어플 핸드폰 게임 | @라임게임 Funny face change app game LimeTube, 44590,2020. 7. 28, 394, 80,40,,,
4,Lime Tube[라임튜브], 295,유령의 집에서 방탈출 했어요 | 로블록스 게임 LimeTube, 28039,2020. 7. 25, 274, 59,45,로블록스,,
5,Lime Tube[라임튜브], 295,동물로 변신! 라임 고양이가 됐어요! 상어가 된 라임파파?! 마법의 동물 과자 먹고 변신 놀이 해요! Animal Transformation Magic Cracker, 163964,2020. 7. 23, 723, 342,,애니멀크래커 ,8월5일대개봉 ,애니메이션
6,Lime Tube[라임튜브], 295,라임 생일날 대형 수영장 가족파티 | 타임캡슐 V-Log Large swimming pool family party on birthday | LimeTube, 25297,2020. 7. 21, 209, 61,53,생일,,
7,Lime Tube[라임튜브], 295,라임이 생일 선물! 대형 수영장에서 청개구리에게 수영 배우기 I learned to swim with a tree frog in a large pool.| LimeTube, 437410,2020. 7. 18, 2805, 579,,수영장,,
8,Lime Tube[라임튜브], 295,충청북도 어디까지 가봤니? 라임 패밀리 괴산 갈론구곡 물놀이체험 | 괴강 국민여가캠핑장 캠핑체험 국내랜선여행 충북 괴산투어 2편 | LimeTube, 86914,2020. 7. 16, 442, 122,86,랜선여행 ,갈론구곡 ,충북괴산
9,Lime Tube[라임튜브], 295,집에 지네가 나타났어요! 지네 소탕작전 | 라임 가족 일상 LimeTube, 84046,2020. 7. 14, 494, 88,143,지네,,
10,Lime Tube[라임튜브], 295,가까운여행! 건강한여행! 즐기는여행! 충청북도 어디까지 가봤니? 라임 패밀리 충주 오대호 아트팩토리 수안보 족욕길 힐링체험 국내 랜선여행 충북 충주 투어 1편 LimeTube, 112478,2020. 7. 11, 503, 154,80,랜선여행 ,오대호아트팩토리 ,충북충주
11,Lime Tube[라임튜브], 295,아빠랑 로블록스 얼음땡 놀이를 했어요 The Piggysons | LimeTube, 29281,2020. 7. 9, 217, 43,36,로블록스,,
12,Lime Tube[라임튜브], 295,과일 아이스크림 만들기와 수영장 시크릿쥬쥬 키즈카페 놀이 supermarket song nursery rhyme | johny johny,현재 158명 시청 중,스트리밍 시작일: 2020. 7. 9,,,,forkids ,forchildren ,children
13,Lime Tube[라임튜브], 295,라임의 친구를 던지고 놀아요! 로블록스 웃기는 게임 (Roblox) carry people simulator 2 | LimeTube Game, 23940,2020. 7. 7, 153, 31,30,로블록스,,
14,Lime Tube[라임튜브], 295,라임이가 술래가 됬어요~파랑아 숨어! 웃기는 로블록스 게임 LimeTube, 42039,2020. 7. 2, 197, 35,52,로블록스,,
15,Lime Tube[라임튜브], 295,꽃게잡기 갯벌체험! 테슬라 모델X 차박 캠핑 | 태안 샛별 해수욕장 가족여행 국내여행 브이로그 Camping on the beach in Tesla. LimeTube, 201864,2020. 6. 30, 505, 138,81,갯벌체험 ,꽃게 ,가족여행
16,Lime Tube[라임튜브], 295,스마트폰에 중독 됐어요ㅠㅠ 슈퍼라임 도와줘~! I'm addicted to the smartphone Help Super Lime~! | LimeTube, 59385,2020. 6. 27, 265, 96,,슈퍼라임 ,스마트폰 ,바른사용
17,Lime Tube[라임튜브], 295,아이스크림을 타고 슬라이드로 떨어져요! [로블록스] 워터슬라이드 WATER SLIDE OBBY! | 라임게임 LimeTube, 110692,2020. 6. 26, 338, 69,45,로블록스,,
18,Lime Tube[라임튜브], 295,라임가족의 테슬라 모델X타고 차박 캠핑 떠나요! 충주 수주팔봉 캠핑장과 활옥동굴 여행 Let's go camping on Tesla's Model X | LimeTube, 65580,2020. 6. 25, 398, 76,79,캠핑 ,수주팔봉 ,국내여행
19,Lime Tube[라임튜브], 295,파마하러 가는날 | 라임가족의 하루 | 미용실 백화점 쇼핑 먹방 브이로그 Day to go to perm | Lime family day V-log | LimeTube, 26015,2020. 6. 23, 172, 35,37,미용실 ,라임가족 ,백화점
20,Lime Tube[라임튜브], 295,복불복 빨대로 음료수 맞추기 먹방 챌린지 | 라임가족 게임 LimeTube | Name the drink with a straw. Mukbang Challenge, 50095,2020. 6. 20, 380, 95,,먹방 ,음료수 ,가족오락관
21,ToyFamily, 253,클래시로얄 연승게임, 2292,2020. 7. 19,,,0,game,,
22,ToyFamily, 253,자동차 번지점프! 차를 멀리 날리는 게임, 1859,2020. 7. 18,,,0,game,,
23,ToyFamily, 253,하루종일 설산에서 스키타는 게임 RLTOS ADVERNTURE, 1220,2020. 7. 18,,,0,game,,
24,ToyFamily, 253,나무를 깍아서 여러 모양을 만들어보자! 아무생각없이하는 힐링게임, 1325,2020. 7. 17,,,0,game,,
25,ToyFamily, 253,내맘대로 쿵짝짝! 인크레디박스 V4 Incredibox, 1242,2020. 7. 17,,,1,game,,
26,ToyFamily, 253,My Talking Tom Episode (Outfit7) Game play 토킹톰 에피소드 1 게임플레이, 2439,2020. 7. 16,,,,game,,
27,ToyFamily, 253,클래시로얄 자이언트해골 자폭덱 기지를 한방에 날려버리자, 1843,2020. 7. 13,,,0,game,,
28,ToyFamily, 253,클래시로얄 자이언트해골덱 게임플레이, 2166,2020. 7. 12,,,1,game,,
29,ToyFamily, 253,쿠키런 퍼즐게임 안녕!용감한쿠키들 게임플레이, 2170,2020. 7. 11,,,0,game,,
30,ToyFamily, 253,My Talking Tom Friends Game play 토킹톰 프렌즈 에피소드 8 옷갈아입기, 2808,2020. 7. 10,,,,game,,
31,ToyFamily, 253,My Talking Tom Friends Episode7 (Outfit7) Game play 토킹톰 프렌즈 에피소드 7 다같이 목욕하고 잠도자고, 2030,2020. 7. 9,,,,game,,
32,ToyFamily, 253,My Talking Tom Friends Game play 토킹톰 프렌즈 에피소드 6 고양이 두둥등장, 2927,2020. 7. 9,,,,game,,
33,ToyFamily, 253,My Talking Tom Friends Episode (Outfit7) Game play 토킹톰 프렌즈 에피소드 5 바이러스 키우기 미니게임, 2050,2020. 7. 8,,,,game,,
34,ToyFamily, 253,케이크 가게 운영하는 게임. 생크림을 이쁘게 짜보자., 3953,2020. 7. 5,,,,game,,
35,ToyFamily, 253,헝그리샤크 바다속 왕이 되어보자! 모바일게임 에피소드1, 2112,2020. 7. 4,,,1,game,,
36,ToyFamily, 253,My Talking Tom Friends Episode (Outfit7) Game play 토킹톰 프렌즈 에피소드 4 강아지만남, 3562,2020. 7. 4,,,,game,,
37,ToyFamily, 253,카트라이더 러쉬 플러스 스토리모드 에피소드1 KART RIDER RUSH+, 1343,2020. 7. 3,,,1,game,,
38,ToyFamily, 253,My Talking Tom Friends Episode Game play 토킹톰 프렌즈 에피소드 3 게임플레이, 2244,2020. 7. 3,,,,game,,
39,ToyFamily, 253,카트라이더 러쉬 플러스 트레이닝 초보 첫 플레이 KART RIDER RUSH+, 1529,2020. 7. 1,,,0,game,,
40,ToyFamily, 253,My Talking Tom 2 마이토킹톰 2 미니게임 블록터트리기, 4114,2020. 6. 29,,,,game,,
41,도티 TV, 253,트로트, 951752,2020. 7. 8, 33198, 1217,11002,,,
42,도티 TV, 253,챌린지, 433008,2020. 7. 6, 17179, 628,4469,,,
43,도티 TV, 253,""" who? 스페셜 "" 도티편이 나왔어요! 이거 실화인가요😭", 177809,2020. 6. 30, 6115, 167,2361,,,
44,도티 TV, 253,샌박 직원에게 뒤통수 맞았습니다.., 130076,2020. 6. 26, 4674, 133,1097,넷플릭스추천 ,마이넷플리스트 ,넷플릭스
45,도티 TV, 253,"모장에서 한국에 ""딱 한 명만"" 보내준 특별한 선물 개봉기", 327783,2020. 6. 19, 10755, 318,3677,도티 ,마인크래프트 ,마크던전스굿즈
46,도티 TV, 253,과기부 장관님이 도티를 부르신 이유는?!🤭, 84583,2020. 6. 16, 4494, 102,1004,,,
47,도티 TV, 253,도티님 할 말이 있어요, 523907,2020. 6. 12, 7797, 197,2305,,,
48,도티 TV, 253,엔딩 ㅋㅋㅋㅋㅋㅋㅋㅋㅋㅋㅋ, 172517,2020. 6. 5, 4250, 158,1392,,,
49,도티 TV, 253,어서와 스피드런 도로퍼는 오랜만이지?, 206246,2020. 5. 30, 5002, 176,1397,,,
50,도티 TV, 253,마크 던전스 유일템 획득🏹 데미지 실화!?🔥🔥 마인크래프트 던전스, 164727,2020. 5. 27, 3592, 138,1344,,,
51,도티 TV, 253,마인크래프트 던전스 드디어 출시!! // 1회차 라이브 풀버전, 164534,실시간 스트리밍 시작일: 2020. 5. 26, 5655, 139,700,,,
52,도티 TV, 253,스카이블럭 그게 뭐임 먹는거임?, 151199,2020. 5. 22, 4268, 143,1285,,,
53,도티 TV, 253,오늘은 한 편에 꽉꽉 눌러담아봤습니다, 137176,2020. 5. 15, 3832, 151,1113,,,
54,도티 TV, 253,포세이돈 아조씨 카트라이더좀 하셨네요🌀💧, 144480,2020. 5. 8, 3328, 123,924,,,
55,도티 TV, 253,❓(이거 뭔지 아시는 분..??), 125617,2020. 5. 6, 4185, 82,991,,,
56,도티 TV, 253,도티 혼자 당당하게 청와대 다녀왔습니다, 343635,2020. 5. 5, 11684, 361,2721,,,
57,도티 TV, 253,일심동체 짝맞추기🤝, 126757,2020. 5. 4, 3855, 105,977,,,
58,도티 TV, 253,전현무 형이 여기서 왜나와?!🙄, 198344,2020. 5. 1, 4861, 159,1114,,,
59,도티 TV, 253,세상이 망해가도 돈은 벌어야지💰 (feat. 자낳요괴 도차비), 154579,2020. 4. 29, 4329, 102,1185,,,
60,도티 TV, 253,호요리는 요리조리 잘피해서 호요리인가 ㅋㅋ 아이고 내 배꼽🤣, 202502,2020. 4. 26, 5533, 150,1312,,,
61,감스트GAMST, 180,[롤] 감스트 그 분이 왔습니다 ㄷㄷ LOL, 897102,2020. 8. 2, 11380, 244,2242,게임 인기 급상승 동영상 ,2,
62,감스트GAMST, 180,감스트 여자3명과 여행떠나면 생기는 일.., 1392449,2020. 8. 1, 15975, 474,3985,채보미 ,파이 ,금화
63,감스트GAMST, 180,감스트 1시간만에 현금100만원 다쓰기 (게임현질X), 1054397,2020. 7. 27, 16298, 424,3615,FLEX ,시장상인분들화이팅 ,힘냅시다모두
64,감스트GAMST, 180,호날두 꼭 봐라 Ronaldo Watch This Video, 934161,2020. 7. 26, 13907, 423,3612,,,
65,감스트GAMST, 180,[롤] 감스트vs트할 제가이겼습니다! 개레전드 꼭보세요! LOL, 1040484,2020. 7. 25, 11524, 331,1414,박제수고 ,트할 ,아프리카최고의탑은감스트
66,감스트GAMST, 180,[롤] 감스트 유명 챌린저 총출동!! 최고의 미드라이너는?? 컨트롤 개미쳤다... LOL, 1079540,2020. 7. 22, 10129, 380,3636,아체미 ,아최미 ,김민교
67,감스트GAMST, 180,감스트 한번만 부탁드립니다ㅠㅠ, 627689,2020. 7. 21, 7886, 833,2122,GOG ,GoddessofGenesis ,가디스오브제네시스
68,감스트GAMST, 180,[롤] 감스트 깨달았다!! 진작 요릭할껄.. LOL, 773528,2020. 7. 20, 9163, 276,1481,요릭 ,리그오브레전드 ,트할선생님께배우고나서
69,감스트GAMST, 180,감스트 합성대회 레전드ㅋㅋㅋㅋㅋㅋㅋㅋㅋㅋㅋㅋ, 1149634,2020. 7. 19, 15059, 360,1637,,,
70,감스트GAMST, 180,감스트 이렇게 비싼걸 받아도 되나요..???, 1079327,2020. 7. 18, 11650, 310,1735,택배 ,시청자분들고맙습니다 ,선물
71,감스트GAMST, 180,감스트 망한머리 전문가에게 맡겼더니.. 충격적인 대변신!!, 1360166,2020. 7. 16, 12754, 385,3294,금강연화,,
72,감스트GAMST, 180,감스트 ??못하면 유튜브채널삭제 하겠습니다 어그로 아닙니다., 795605,2020. 7. 15, 12331, 326,5299,중대발표,,
73,감스트GAMST, 180,감스트 머리 밀었습니다.., 1019413,2020. 7. 14, 13857, 381,6765,원빈 ,원빈따라잡기 ,인직
74,감스트GAMST, 180,[롤] 감스트 애쉬 재능있는거 같은데??! LOL, 907219,2020. 7. 13, 9899, 274,1693,듀단 ,다쁘 ,리그오브레전드
75,감스트GAMST, 180,"[롤] 감스트가 ""원딜""했는데 13킬이라고?! 미친서포터를 찾았습니다!! LOL", 1021208,2020. 7. 11, 10309, 321,1752,파이 ,리그오브레전드 ,듀오
76,감스트GAMST, 180,감스트 아케인22성 성공하고도 빡친이유.. [메이플스토리], 813139,2020. 7. 9, 7179, 232,1469,신해조 ,메이플 ,메이플강화
77,감스트GAMST, 180,감스트 컴퓨터 해킹 몰카 레전드 ㅋㅋㅋㅋㅋㅋㅋㅋ, 1245753,2020. 7. 8, 16079, 387,2534,마빡 ,몰카 ,몰래카메라
78,감스트GAMST, 180,[롤] 감스트 트할선생님이 개빡친 이유.. LOL, 1233490,2020. 7. 7, 12653, 359,2035,트할 ,thal ,리그오브레전드
79,감스트GAMST, 180,감스트 격파30단계 챌린지 SMASH STEP 30 CHALLENGE, 1298481,2020. 7. 6, 18367, 434,4315,절대따라하지마세요 ,따라하지마세요 ,격파왕
80,감스트GAMST, 180,감스트 메이플 하루만하고 접을려고 했는데.. 현금500만원짜리 무기+40억메소를 받았습니다.. 어떡하죠??, 1202099,2020. 7. 5, 9317, 332,1698,메이플스토리 ,메이플 ,maplestory
81,대도서관TV (buzzbean11), 178,대도서관 생방송] 스커 호텔의 하녀 - 세이렌의 비밀 오늘 엔딩봅니닷! 서바이벌 공포 게임 방송입니닷!!, 95833,실시간 스트리밍: 17시간 전, 2399, 46,27,,,
82,대도서관TV (buzzbean11), 178,정답! 뉴트리아!｜대:나무숲 댓글 하이라이트, 22328,2020. 8. 3, 898, 11,52,대나무숲 ,대도님에게서 ,유느님얼굴이
83,대도서관TV (buzzbean11), 178,어딘가 찌질한(?) 사무라이 핫클립ㅣ대플릭스 1편 고스트 오브 쓰시마(Ghost of Tsushima), 41109,2020. 8. 2, 1074, 25,117,디지털 ,디럭스 ,이랴
84,대도서관TV (buzzbean11), 178,대도서관 생방송] 데바데 / 어몽어스 - 우주의 마피아 게임 / 스커 호텔의 하녀 - 서바이벌 호러 게임 방송입니닷!!!!! / 선물 받은 디자이너 옷 공개!, 128133,실시간 스트리밍 시작일: 2020. 8. 1, 2523, 51,72,,,
85,대도서관TV (buzzbean11), 178,대청자들한테 오랜만에 선물을?!, 36291,2020. 8. 1, 1450, 12,182,대도서관 ,로지텍 ,콜라보
86,대도서관TV (buzzbean11), 178,대도서관 생방송] 게임 방송입니닷! / 나 10시에 TV 나온다!!!! MBN 보이스트롯 에서 노래부르고 춤춤, 89653,실시간 스트리밍 시작일: 2020. 7. 31, 2299, 44,59,,,
87,대도서관TV (buzzbean11), 178,보이스트롯 나갔다가 떨어진 대도서관의 현장 브이로그🎥, 50227,2020. 8. 1, 1747, 21,286,보이스트롯 ,브이로그 ,비하인드
88,대도서관TV (buzzbean11), 178,대도님 오늘따라 서강준 닮았어요, 34428,2020. 7. 31, 1184, 27,332,대청자여러분 ,제발 ,그러지마세요
89,대도서관TV (buzzbean11), 178,명예 임포스터 대도서관 l 어몽어스(Among Us) 하이라이트, 75130,2020. 7. 30, 1562, 30,86,크루원 ,그게뭔데 ,그거어떻게하는건데
90,대도서관TV (buzzbean11), 178,대도서관 생방송] 캣 인 더 박스 - 올만에 공포 쯔꾸르 게임 간닷! 게임 방송입니닷!, 123235,실시간 스트리밍 시작일: 2020. 7. 29, 2695, 61,137,,,
91,대도서관TV (buzzbean11), 178,제 지갑도 같이 🔥불타고🔥 있습니다.., 52099,2020. 7. 29, 1184, 28,82,케페우스M ,대도서관 ,지갑서관
92,대도서관TV (buzzbean11), 178,대도서관 생방송] 잇힝~! 휴방인 줄 알았지! 게임 방송입니닷!, 119168,실시간 스트리밍 시작일: 2020. 7. 28, 2813, 58,88,,,
93,대도서관TV (buzzbean11), 178,⚓️하앙~이만 모았습니다⚓️ l 데드 바이 데이라이트(Dead By Daylight) 7월13141516일 핫클립, 52118,2020. 7. 28, 1687, 19,192,하앙이 ,생존자 ,플레이
94,대도서관TV (buzzbean11), 178,자꾸 뭔가를 자기 두 눈으로 똑똑히 보는 대도서관 ｜데드 바이 데이라이트(Dead By Daylight) 7월9일 핫클립, 61280,2020. 7. 27, 1975, 14,144,,,
95,대도서관TV (buzzbean11), 178,대도서관 생방송] 늦어서 죄송해요! 일요일 수다 방송입니닷!, 64495,실시간 스트리밍 시작일: 2020. 7. 26, 1489, 41,39,,,
96,대도서관TV (buzzbean11), 178,전 이득충님을 죽이지 않았습니다 l 어몽어스(Among Us) 하이라이트, 103393,2020. 7. 26, 2049, 29,116,이득충님 ,미안해요 ,히히
97,대도서관TV (buzzbean11), 178,대도서관 생방송] 과몰입 어몽어스 - 컨셉충들의 마피아 게임 파티! / 데바데 생존킹 게임 방송입니닷!, 140844,실시간 스트리밍 시작일: 2020. 7. 25, 2456, 63,365,,,
98,대도서관TV (buzzbean11), 178,대도에게는 땅강아지를 줄꺼야, 54131,2020. 7. 25, 1416, 12,59,이제 ,헛소리하지마 ,임마
99,대도서관TV (buzzbean11), 178,대도서관 생방송] 과몰입 어몽어스 - 컨셉충들만 오세요! / 데바데 - 데드하드퍽 내가 딴다! 게임 방송입니닷!!!, 137061,실시간 스트리밍 시작일: 2020. 7. 24, 2517, 69,150,,,
100,대도서관TV (buzzbean11), 178,43세 대저씨가 아이들과 놀아주는 방법(feat.스피릿), 365336,2020. 7. 24, 2900, 543,248,,,
101,악동 김블루, 177,10년만에 카트 킨 친구 접게만드는 법, 259021,2020. 8. 3, 8492, 92,835,게임 인기 급상승 동영상 ,1,
102,악동 김블루, 177,🔥사녹에 숨겨진 「비밀트럭기지」발견!! 3분만에 보급 풀템 맞추세요!! (뒤돌면 트럭 또있음ㅋㅋㅋㅋㅋ), 425445,2020. 8. 1, 8228, 130,1248,,,
103,악동 김블루, 177,게임사에 너무 자주 버그제보한 유저가 받은 대참사 선물ㅋㅋㅋㅋㅋ, 385149,2020. 7. 31, 10008, 98,1211,,,
104,악동 김블루, 177,배그에서 트럭을 쏘면 안되는 진짜 이유 (죽음의 3트럭 등장ㄷㄷ), 465516,2020. 7. 29, 9522, 161,1381,,,
105,악동 김블루, 177,🔥배틀그라운드 유저 손에『핵폭탄』을 쥐어주면 생기는 일ㅋㅋㅋㅋㅋ(지구멸망ㅋㅋㅋㅋ), 575636,2020. 7. 27, 13423, 206,2013,,,
106,악동 김블루, 177,"배그의 흔한 미친놈들만의 버그 ""인간포탑"" 그 누구도 예상 못함ㅋㅋㅋㅋ", 492715,2020. 7. 18, 9680, 307,1805,,,
107,악동 김블루, 177,마!! 든킨드나쓰 무봤나?!! 34살 '진짜' 경상도남자와 사투리대결ㅋㅋㅋㅋㅋ(같은 대구人인데 못알아들음ㅋㅋㅋ), 355476,2020. 7. 17, 9677, 121,2015,,,
108,악동 김블루, 177,대규모 『사녹 리메이크』 보급을 뿌리는 루트차량 개꿀잼ㅋㅋㅋ BRDM 100대로 붕쇄해버리기ㅋㅋㅋㅋ, 662678,2020. 7. 16, 11479, 212,2178,,,
109,악동 김블루, 177,FPS 고인물은 마우스 없이도 게임이 가능한가요? (극한직업)ㅋㅋㅋㅋㅋ, 820066,2020. 7. 13, 16723, 254,1676,에이수스 ,ROG ,제피러스듀오
110,악동 김블루, 177,실제 게임운영자와 20명의 유튜버가 경악한 레전드 방송..ㅋㅋㅋㅋ (대기업 유튜버들의 비밀 ), 555567,2020. 7. 11, 15475, 172,1549,,,
111,악동 김블루, 177,배그인생 3천시간 제가『유일하게 못 깬 미션』이 있습니다, 731665,2020. 7. 10, 14498, 216,1416,,,
112,악동 김블루, 177,(경이로움) 평범한 대학생이 메이플을 새로 만들었다고?ㄷㄷ 댓글창에 제작자 옴ㅋㅋㅋㅋ, 469199,2020. 7. 8, 8067, 130,931,,,
113,악동 김블루, 177,당연히 붕어빵은 꼬리부터 아니냐?, 451898,2020. 7. 6, 13680, 185,4846,,,
114,악동 김블루, 177,무려 3년동안.. 구독자 177만명을 속여온 대형유튜버의 역대급 사기 (이걸 봐준다고..?), 903113,2020. 7. 4, 18299, 287,1854,,,
115,악동 김블루, 177,패션디자인과가 직접 고른 배그 패션 BEST 7, 500874,2020. 7. 3, 11513, 127,1585,,,
116,악동 김블루, 177,(꿀팁)카트 프로를 카트로 이기는 방법ㅋㅋㅋㅋㅋ 악마의 설계ㅋㅋㅋㅋㅋ, 808646,2020. 7. 1, 11580, 238,1108,,,
117,악동 김블루, 177,(신기)운영자 앞에 실제 핵이 나타나면 생기는 일ㄷㄷ이게 운영자의 힘인가ㅋㅋㅋ, 1199912,2020. 6. 29, 18304, 339,1690,,,
118,악동 김블루, 177,전 세계 트위치 시청자 2위를 찍었던 전설의 현실합방, 865212,2020. 6. 27, 26630, 406,4438,,,
119,악동 김블루, 177,게임에서 총 맞을 때마다 ※진짜전기충격※ 받기ㅋㅋㅋㅋㅋㅋ (웃지말고 119불러!!!!), 615805,2020. 6. 26, 14274, 180,1286,,,
120,악동 김블루, 177,『C4+비행기 자폭메타』C4로 시청자 100명 죽이는 개웃긴 방법들ㅋㅋㅋㅋㅋㅋㅋ, 835507,2020. 6. 24, 10675, 296,1840,,,
121,양띵 유튜브, 173,*주의* 이거 재밌습니다.,12명 대기 중,최초 공개일: 2020. 8. 4,,,19,집에서함께해요 ,마인크래프트 ,양띵크루
122,양띵 유튜브, 173,결국 수십 년 만에 진상이 드러난 저택의 비밀, 37396,23시간 전 최초 공개, 1189, 15,123,집에서함께해요 ,마인크래프트 ,콩콩데이
123,양띵 유튜브, 173,그동안 감춰졌던 미스테리한 저택의 진실, 74541,최초 공개: 2020. 8. 2, 1970, 22,204,집에서함께해요 ,마인크래프트 ,콩콩데이
124,양띵 유튜브, 173,살아남는 자만이 우승한다, 69150,최초 공개: 2020. 8. 1, 1381, 34,150,집에서함께해요 ,마인크래프트 ,양띵크루
125,양띵 유튜브, 173,[오늘 밤 10:30] 한팀이 되어 모든 성을 파괴하라, 49731,최초 공개: 2020. 7. 31, 2193, 9,835,집에서함께해요 ,마인크래프트 ,공성전RPG
126,양띵 유튜브, 173,🕵범인을 공개합니다 (최종순위) - 크라임 띵 #6 *완결*, 34694,최초 공개: 2020. 7. 31, 909, 15,144,집에서함께해요 ,마인크래프트 ,크라임띵
127,양띵 유튜브, 173,수면제의 진실은? - 크라임 띵 #5, 31469,최초 공개: 2020. 7. 31, 771, 8,,집에서함께해요 ,마인크래프트 ,크라임띵
128,양띵 유튜브, 173,폭우로 망한 스트리머, 98060,최초 공개: 2020. 7. 30, 3305, 23,,집에서함께해요 ,마인크래프트 ,양띵크루
129,양띵 유튜브, 173,삼식이가 뭔가를 봤다 - 크라임 띵 #4, 35139,최초 공개: 2020. 7. 30, 775, 15,,집에서함께해요 ,마인크래프트 ,크라임띵
130,양띵 유튜브, 173,크라임 띵 시즌2 계약서??? - 크라임 띵 #3, 36981,최초 공개: 2020. 7. 30, 789, 12,,집에서함께해요 ,마인크래프트 ,크라임띵
131,양띵 유튜브, 173,눈꽃의 은밀한 비밀?? - 크라임 띵 #2, 44184,최초 공개: 2020. 7. 29, 924, 14,,집에서함께해요 ,마인크래프트 ,크라임띵
132,양띵 유튜브, 173,양띵티비 멤버 중 범인이 있다 - 크라임 띵 #1, 57847,최초 공개: 2020. 7. 29, 1267, 14,,집에서함께해요 ,마인크래프트 ,크라임띵
133,양띵 유튜브, 173,루태보다 못하는 사람 = 눈꽃, 46465,최초 공개: 2020. 7. 28, 1014, 25,,집에서함께해요 ,마인크래프트 ,눈꽃데이
134,양띵 유튜브, 173,루태랑 양띵 개트롤, 83255,최초 공개: 2020. 7. 27, 1713, 41,,집에서함께해요 ,마인크래프트 ,눈꽃데이
135,양띵 유튜브, 173,😈마법만이 살길이다😈, 101678,최초 공개: 2020. 7. 26, 2294, 45,,집에서함께해요 ,마인크래프트 ,양띵크루
136,양띵 유튜브, 173,영화 큐브를 게임으로???, 72412,최초 공개: 2020. 7. 25, 1626, 18,,집에서함께해요 ,양띵크루 ,큐브탈출
137,양띵 유튜브, 173,🕵소름 돋는 범인의 정체 - 크라임 띵 #5 *완결*, 44671,최초 공개: 2020. 7. 24, 1095, 15,,집에서함께해요 ,마인크래프트 ,크라임띵
138,양띵 유튜브, 173,증거들이 한곳으로 모여간다 - 크라임 띵 #4, 43771,최초 공개: 2020. 7. 23, 903, 14,,집에서함께해요 ,마인크래프트 ,크라임띵
139,양띵 유튜브, 173,유난히 깔끔한 칼의 정체? - 크라임 띵 #3, 47815,최초 공개: 2020. 7. 23, 891, 17,,집에서함께해요 ,마인크래프트 ,크라임띵
140,양띵 유튜브, 173,탑 아이돌과 유명 유튜버의 비밀 관계 - 크라임 띵 #2, 61374,최초 공개: 2020. 7. 22, 1064, 22,,집에서함께해요 ,마인크래프트 ,크라임띵
141,태경 TV, 153,우가차차! 정신없는 쁘허의 라이벌(?)이 등장했다! 원주민 비빅의 우가차차!.. (무인도 표류기 시즌2 2화) 마인크래프트, 21474,2020. 8. 4, 2351, 41,958,,,
142,태경 TV, 153,쁘허 얀쁘 각성 태싹이가 만든 세영이의 태경 쟁탈 탈출맵(?) (마인크래프트), 252506,2020. 8. 3, 5852, 146,2175,게임 인기 급상승 동영상 ,4,
143,태경 TV, 153,해맑은 얼굴로 태경을 제대로 낚아버린...?! 쁘허의 인성 맵 (마인크래프트), 215922,2020. 8. 1, 4861, 150,1700,,,
144,태경 TV, 153,우가차차 시즌2 태쁘의 일상적인 대화 좋으면 그거랑 결혼하던가! (무인도 표류기) 마인크래프트, 218598,2020. 7. 31, 5679, 97,2354,,,
145,태경 TV, 153,만약 태쁘가 사귀지 않는다면..? 새로운 인생 살아보기 인생게임! (마인크래프트), 230989,2020. 7. 30, 5861, 113,1638,,,
146,태경 TV, 153,쁘허가 태경을 가뒀다! 여친을 피해 100층 탈출?! (마인크래프트), 518106,2020. 7. 29, 9351, 310,2637,,,
147,태경 TV, 153,철창 사이로 갈라진 태쁘 태경아 등 뒤에...! (힐링(?) 공포 로블록스), 172604,2020. 7. 28, 3885, 86,1662,,,
148,태경 TV, 153,태쁘의 모습이 바뀌었습니다! +입양하세요 미호 키우기 (로블록스), 248704,2020. 7. 27, 5786, 136,3122,,,
149,태경 TV, 153,태경 솔로가 될 위기.. 우가차차 시즌1 완결?! (무인도 표류기 7화) 마인크래프트, 282714,2020. 7. 25, 6547, 154,3591,,,
150,태경 TV, 153,눈치 제로 솔빈누나 이중스킨으로 농락하기 ㅋㅋㅋ 이건 진짜다 (몰래카메라 마인크래프트), 231848,2020. 7. 24, 5803, 122,2599,,,
151,태경 TV, 153,우가차차! 세영이를 두고 일어난 태쁘의 불화..?! (무인도 표류기 6화) 마인크래프트, 253591,2020. 7. 23, 5361, 144,2225,,,
152,태경 TV, 153,이 버튼을 누르면 '쁘허가 사라진다' 버튼을 누르시겠습니까? (로블록스), 137451,2020. 7. 22, 3211, 88,1590,,,
153,태경 TV, 153,우가차차! 오늘도 쁘허를 자극해버린 솔로(?) 태경의 무인도 표류기! (무인도 표류기 5화) 마인크래프트, 320647,2020. 7. 21, 6231, 156,2242,,,
154,태경 TV, 153,태경의 나홀로방탈출! 혼자라그런지 유령의 소리가 들린다.. (마인크래프트), 188835,2020. 7. 20, 4975, 104,1615,,,
155,태경 TV, 153,입양하세요 구미호펫 업데이트! 질투 할 정도로 귀여웠다..! (로블록스), 385107,2020. 7. 18, 7955, 221,3711,,,
156,태경 TV, 153,쁘허누나 머리가 허전한데? 허브가 납치됐다! (마인크래프트), 341943,2020. 7. 17, 6348, 184,2397,,,
157,태경 TV, 153,세 명이서 비콘이 이중스킨으로 쫓아다니며 계속 춤 추기 ㅋㅋㅋ 혼돈 그 자체 (마인크래프트), 234568,2020. 7. 16, 5777, 129,2030,,,
158,태경 TV, 153,태경아.. 그거 버려(!?) 결국 터져버린 쁘허 질투의 화신 (무인도 표류기 4화) 마인크래프트, 306511,2020. 7. 15, 5973, 137,2888,,,
159,태경 TV, 153,이중스킨으로 일반 유저인척 빅민 쫓아다니며 춤 계속 추기 ㅋㅋㅋㅋ (마인크래프트), 300115,2020. 7. 14, 7010, 141,2159,,,
160,태경 TV, 153,너를 위한 아르바이트! 미용실 상황극! (마인크래프트), 349974,2020. 7. 13, 9136, 196,3247,,,
161,악어 유튜브, 127,마크에이지가 끝나면 무엇을 할까..?, 71367,2020. 8. 3, 1827, 19,641,컨텐츠 ,프메 ,오픈월드
162,악어 유튜브, 127,주X청을 강화시키면 과연 얼마나 강해질까? M.C. Age 4R 28회차 테스트 | 마인크래프트 악어 마크에이지4R : 평화의 시대, 71645,2020. 8. 3, 1116, 15,276,마크에이지4R ,악어 ,장기컨텐츠
163,악어 유튜브, 127,역대급 난장판 전쟁ㅋㅋㅋㅋ 그냥 다 멸망시켜!!🤬 M.C. Age 4R 28회차 6부 (완결) | 마인크래프트 악어 마크에이지4R : 평화의 시대, 79385,2020. 8. 2, 1271, 26,352,마크에이지4R ,악어 ,장기컨텐츠
164,악어 유튜브, 127,역대급 난장판 전쟁ㅋㅋㅋㅋ 그냥 다 멸망시켜!!🤬 M.C. Age 4R 28회차 5부 | 마인크래프트 악어 마크에이지4R : 평화의 시대, 81134,2020. 8. 2, 1084, 29,197,마크에이지4R ,악어 ,장기컨텐츠
165,악어 유튜브, 127,역대급 난장판 전쟁ㅋㅋㅋㅋ 그냥 다 멸망시켜!!🤬 M.C. Age 4R 28회차 4부 | 마인크래프트 악어 마크에이지4R : 평화의 시대, 92252,2020. 8. 2, 1403, 41,269,마크에이지4R ,악어 ,장기컨텐츠
166,악어 유튜브, 127,주작 17강에 +100만 원 미션이 걸렸다!! M.C. Age 4R 28회차 3부 | 마인크래프트 악어 마크에이지4R : 평화의 시대, 95730,2020. 8. 1, 1176, 36,180,마크에이지4R ,악어 ,장기컨텐츠
167,악어 유튜브, 127,주작 17강에 +100만 원 미션이 걸렸다!! M.C. Age 4R 28회차 2부 | 마인크래프트 악어 마크에이지4R : 평화의 시대, 104311,2020. 8. 1, 1305, 44,283,마크에이지4R ,악어 ,장기컨텐츠
168,악어 유튜브, 127,주작 17강에 +100만 원 미션이 걸렸다!! M.C. Age 4R 28회차 1부 | 마인크래프트 악어 마크에이지4R : 평화의 시대, 107368,2020. 8. 1, 1572, 39,408,마크에이지4R ,악어 ,장기컨텐츠
169,악어 유튜브, 127,너불이를 나눠먹어요🍴😋🍴 M.C. Age 4R 28회차 토론 | 마인크래프트 악어 마크에이지4R : 평화의 시대, 50034,2020. 8. 1, 806, 10,143,마크에이지4R ,악어 ,장기컨텐츠
170,악어 유튜브, 127,뱀파이어와 늑대인간의 최후의 전쟁이 시작되다! 블러드문 : 안개의 세계 16회차 5부 (완결) | 마인크래프트 악어 Blood Moon : The Fog World, 53486,2020. 7. 31, 883, 20,281,블러드문 ,안개의세계 ,장기컨텐츠
171,악어 유튜브, 127,뱀파이어와 늑대인간의 최후의 전쟁이 시작되다! 블러드문 : 안개의 세계 16회차 4부 | 마인크래프트 악어 Blood Moon : The Fog World, 50772,2020. 7. 31, 814, 18,89,블러드문 ,안개의세계 ,장기컨텐츠
172,악어 유튜브, 127,블러드문의 대검 마누스를 얻다! 블러드문 : 안개의 세계 16회차 3부 | 마인크래프트 악어 Blood Moon : The Fog World, 56538,2020. 7. 30, 792, 9,95,블러드문 ,안개의세계 ,장기컨텐츠
173,악어 유튜브, 127,블러드문의 대검 마누스를 얻다! 블러드문 : 안개의 세계 16회차 2부 | 마인크래프트 악어 Blood Moon : The Fog World, 55695,2020. 7. 30, 798, 16,91,블러드문 ,안개의세계 ,장기컨텐츠
174,악어 유튜브, 127,블러드문의 대검 마누스를 얻다! 블러드문 : 안개의 세계 16회차 1부 | 마인크래프트 악어 Blood Moon : The Fog World, 61413,2020. 7. 30, 1085, 22,237,블러드문 ,안개의세계 ,장기컨텐츠
175,악어 유튜브, 127,플라이 버그로 비밀방 찾음ㅋㅋㅋㅋ 늪지대 던전스 8화｜| 마인크래프트 악어 ACAU Dungeons, 72228,2020. 7. 29, 1230, 24,118,늪지대던전스 ,24시간서버 ,168시간
176,악어 유튜브, 127,일단 죽이고 우기는 타입ㅋㅋ, 153341,2020. 7. 28, 2180, 61,199,어몽어스 ,얏따 ,스트리머합방
177,악어 유튜브, 127,키아나 하는법 알려드림 ^^, 61367,2020. 7. 27, 1003, 31,126,롤 ,키아나 ,장인
178,악어 유튜브, 127,난장판이 된 긴급 회의장💦 늪지대 던전스 7화｜| 마인크래프트 악어 ACAU Dungeons, 76925,2020. 7. 27, 1325, 17,112,늪지대던전스 ,24시간서버 ,168시간
179,악어 유튜브, 127,역대급 임포스터가 나타났다🔪, 131282,2020. 7. 26, 1958, 45,280,어몽어스 ,도현 ,스트리머합방
180,악어 유튜브, 127,최강 무기 빌려준다길래 빼돌려보았습니다ㅋㅋ 늪지대 던전스 6화｜| 마인크래프트 악어 ACAU Dungeons, 90687,2020. 7. 25, 1404, 22,198,늪지대던전스 ,24시간서버 ,168시간
181,LsCraft, 120,Minecraft NOOB vs PRO vs HACKER vs GOD HORROR MOVIE Granny CRAFTING CHALLENGE in Minecraft Animation, 94583,2020. 8. 1, 3781, 161,104,Minecraft ,MonsterSchool ,ШколаМонстров
182,LsCraft, 120,Minecraft NOOB vs PRO vs HACKER vs GOD SPIDERMAN VS VENOM CRAFTING CHALLENGE in Minecraft Animation, 379946,2020. 7. 29, 10821, 599,113,Minecraft ,MonsterSchool ,ШколаМонстров
183,LsCraft, 120,Minecraft NOOB vs PRO vs HACKER vs GOD SUPER SWORD CRAFTING PIGGY CHALLENGE in Minecraft Animation, 135834,2020. 7. 25, 4568, 206,48,Minecraft ,MonsterSchool ,ШколаМонстров
184,LsCraft, 120,Minecraft NOOB vs PRO vs HACKER vs GOD ABILITY SWORD GUN CRAFTING CHALLENGE in Minecraft Animation, 886656,2020. 7. 22, 19917, 1367,187,Minecraft ,MonsterSchool ,ШколаМонстров
185,LsCraft, 120,Minecraft NOOB vs PRO vs HACKER vs GOD ROBLOX PIGGY COFFIN DANCE CRAFTING CHALLENGE MEME Animation12, 141269,2020. 7. 18, 4486, 252,118,Minecraft ,Roblox ,Piggy
186,LsCraft, 120,Minecraft NOOB vs PRO vs HACKER vs GOD ROBLOX PIGGY COFFIN DANCE CRAFTING CHALLENGE MEME Animation11, 502675,2020. 7. 15, 9277, 484,121,Minecraft ,Roblox ,Piggy
187,LsCraft, 120,Minecraft NOOB vs PRO vs HACKER vs GOD ROBLOX PIGGY COFFIN DANCE CRAFTING CHALLENGE MEME Animation10, 275155,2020. 7. 11, 6942, 465,106,Minecraft ,Roblox ,Piggy
188,LsCraft, 120,Minecraft NOOB vs PRO vs HACKER vs GOD ROBLOX PIGGY COFFIN DANCE CRAFTING CHALLENGE MEME 9 Animation, 698262,2020. 7. 8, 14170, 819,124,Minecraft ,Roblox ,Piggy
189,LsCraft, 120,Minecraft NOOB vs PRO vs HACKER vs GOD ROBLOX PIGGY COFFIN DANCE CRAFTING CHALLENGE MEME 8 Animation, 1004414,2020. 7. 4, 21961, 1389,313,Minecraft ,Roblox ,Piggy
190,LsCraft, 120,Minecraft NOOB vs PRO vs HACKER vs GOD ROBLOX PIGGY COFFIN DANCE CRAFTING CHALLENGE MEME 7 Animation, 490738,2020. 7. 1, 8914, 562,165,Minecraft ,Майнкрафт ,Piggy
191,LsCraft, 120,Minecraft NOOB vs PRO vs HACKER vs GOD ROBLOX PIGGY COFFIN DANCE CRAFTING CHALLENGE MEME 6 Animation, 1943623,2020. 6. 27, 42836, 2663,513,Minecraft ,Майнкрафт ,Piggy
192,LsCraft, 120,Minecraft NOOB vs PRO vs HACKER vs GOD ROBLOX PIGGY COFFIN DANCE CRAFTING CHALLENGE MEME 5 Animation, 1705015,2020. 6. 24, 35789, 2208,567,Minecraft ,Майнкрафт ,Piggy
193,LsCraft, 120,Minecraft NOOB vs PRO vs HACKER vs GOD ROBLOX PIGGY COFFIN DANCE CRAFTING CHALLENGE MEME 4 Animation, 3468213,2020. 6. 20, 80803, 4843,949,Minecraft ,Майнкрафт ,MinecraftPiggy
194,LsCraft, 120,Minecraft NOOB vs PRO vs HACKER vs GOD ROBLOX PIGGY COFFIN DANCE CRAFTING CHALLENGE MEME 3 Animation, 2807354,2020. 6. 17, 62776, 4185,999,Minecraft ,MonsterSchool ,ШколаМонстров
195,LsCraft, 120,Minecraft NOOB vs PRO vs HACKER vs GOD ROBLOX PIGGY COFFIN DANCE CRAFTING CHALLENGE MEME 2 Animation, 5496183,2020. 6. 14, 149334, 9432,2898,Minecraft ,MonsterSchool ,ШколаМонстров
196,LsCraft, 120,Astronomia Coffin Meme in Minecraft Animation Part 2, 872879,2020. 6. 12, 20221, 981,164,Minecraft ,Майнкрафт ,Piggy
197,LsCraft, 120,Minecraft NOOB vs PRO vs HACKER vs GOD ROBLOX PIGGY COFFIN DANCE CRAFTING CHALLENGE MEME Animation, 3171299,2020. 6. 5, 108806, 5237,1439,Minecraft ,MonsterSchool ,ШколаМонстров
198,LsCraft, 120,Minecraft NOOB vs PRO vs HACKER vs GOD STAR WARS SWORD LIGHTSABER CRAFTING CHALLENGE Animation, 182366,2020. 5. 31, 4720, 241,71,Minecraft ,MonsterSchool ,ШколаМонстров
199,LsCraft, 120,Minecraft NOOB vs PRO vs HACKER vs GOD SUPER SPEAR SWORD CRAFTING CHALLENGE in Minecraft Animation, 59594,2020. 5. 28, 2157, 120,46,Minecraft ,MonsterSchool ,ШколаМонстров
200,LsCraft, 120,Minecraft NOOB vs PRO vs HACKER vs GOD ABILITY SWORD AXE CRAFTING CHALLENGE in Minecraft Animation, 5910561,2020. 5. 23, 152142, 8965,700,Minecraft ,MonsterSchool ,ШколаМонстров
201,테스터훈 TesterHoon, 111,★장인 승률랭킹 1위★ 아무리 죽어도 승리로 이끄는 사이온 장인만의 비결..! : 사이온 착말쓰 장인초대석 [테스터훈], 141640,2020. 8. 3, 1663, 65,389,게임 인기 급상승 동영상 ,26,
202,테스터훈 TesterHoon, 111,★무한 합류 조합★ 1분마다 5명 전부 모여서 다굴친다 ㅋㅋㅋㅋ : 뉴메타 [테스터훈], 129179,2020. 8. 2, 1255, 61,301,테스터훈 ,뉴메타 ,합류조합
203,테스터훈 TesterHoon, 111,고양이 유튜버로 전향 하려구요 [테스터훈], 41818,2020. 8. 2, 814, 16,312,테스터훈 ,캐슬패밀리 ,넘모귀엽다
204,테스터훈 TesterHoon, 111,500년 전 르네상스 롱소드 검술 장인방문석 [테스터훈], 99730,2020. 8. 1, 1309, 35,368,테스터훈 ,장인방문석 ,김상윤
205,테스터훈 TesterHoon, 111,★은신 조합★ 5명 전부 은신하고 암살한다 ㅎㄷㄷ : 뉴메타 [테스터훈], 102210,2020. 8. 1, 1394, 49,262,테스터훈 ,뉴메타 ,은신
206,테스터훈 TesterHoon, 111,★알리스타 3000판★ 무리하는 것 같으면서 다이브 성공하는 노하우...! : 알리스타 무리스타 장인초대석 [테스터훈], 208467,2020. 7. 31, 2543, 71,293,테스터훈 ,장인초대석 ,알리스타
207,테스터훈 TesterHoon, 111,★저격 궁극기 조합★ 애쉬가 얼리고 징크스+케이틀린+세나+이즈리얼 버스터콜 ㅋㅋㅋ : [테스터훈], 247678,2020. 7. 30, 2124, 121,341,테스터훈 ,뉴메타 ,저격조합
208,테스터훈 TesterHoon, 111,1달만에 챌린저까지 승률 80% 달성한 정체불명의 유저 초대석..! : 제이스 장인초대석 [테스터훈], 273369,2020. 7. 29, 2498, 103,443,,,
209,테스터훈 TesterHoon, 111,★트페 숙련도 320만점★ 짬에서 나오는 바이브라는게 이런거구나 ㅎㄷㄷ : 트페 런닝왕 장인초대석 [테스터훈], 222828,2020. 7. 28, 2203, 100,385,테스터훈 ,장인초대석 ,트페
210,테스터훈 TesterHoon, 111,★무한 박치기 조합★ 5명 전부 에어본으로 한타 박살내는 조합 ㅎㄷㄷ : 뉴메타 [테스터훈], 169880,2020. 7. 27, 1596, 67,284,테스터훈 ,뉴메타 ,박치기
211,테스터훈 TesterHoon, 111,챌린저 울짖마 AP 마오카이로 하드캐리하는 방법 ㅋㅋㅋㅋㅋㅋ : 울짖마 장인의도전 [테스터훈], 237788,2020. 7. 26, 2538, 93,452,테스터훈 ,장인의도전 ,마오카이
212,테스터훈 TesterHoon, 111,장인대격돌 역대급 스케일로 준비했습니다. [테스터훈], 95440,2020. 7. 25, 1304, 27,425,테스터훈 ,장인대격돌 ,시즌2
213,테스터훈 TesterHoon, 111,8년동안 이즈리얼 연구한 장인의 노하우 대공개..! : 어린이즈 장인초대석 [테스터훈], 374262,2020. 7. 24, 3052, 141,436,테스터훈 ,장인초대석 ,이즈리얼
214,테스터훈 TesterHoon, 111,정글 레드를 뺏어먹은 원딜 도대체 누구 잘못일까? ㅋㅋㅋ : 관전으로본세상 [테스터훈], 214043,2020. 7. 24, 2215, 74,428,테스터훈 ,관전으로본세상 ,레고77
215,테스터훈 TesterHoon, 111,★헤카림 몰빵★ 한번 박으면 한명씩 암살하는 교통사고 조합 ㅋㅋㅋ : 뉴메타 [테스터훈], 127535,2020. 7. 23, 1289, 72,335,테스터훈 ,뉴메타 ,헤카림
216,테스터훈 TesterHoon, 111,앗...♥ 저 솔로 아닌데...♥ [테스터훈], 22916,2020. 7. 22, 267, 17,50,테스터훈 ,가디스오브제네시스 ,GOG
217,테스터훈 TesterHoon, 111,★챌린저 유일 마오카이★ 4티어 챔피언으로 챌린저 1000점 도달한 비법은..! : 마오카이 울짖마 장인초대석 [테스터훈], 344752,2020. 7. 22, 4104, 133,1344,테스터훈 ,장인초대석 ,마오카이
218,테스터훈 TesterHoon, 111,★무한 독 조합★ 4명이 독 뿌리고 카시오페아가 다 잡는 극딜 조합 ㅎㄷㄷ : 뉴메타 [테스터훈], 210009,2020. 7. 21, 1877, 91,386,테스터훈 ,뉴메타 ,독조합
219,테스터훈 TesterHoon, 111,"★ 만17세 이하 시청금지★ ""이 게임도 프로게이머가 있다고?"" 브롤스타즈 국가대표...!? : apdo 우혁 장인초대석 [테스터훈]", 119557,2020. 7. 20, 1187, 52,407,테스터훈 ,장인초대석 ,브롤스타즈
220,테스터훈 TesterHoon, 111,★프로게이머 원딜 출신★ 람머스 원딜로 그랜드마스터 도달한 비결 ㅋㅋㅋㅋ : 꼬꼬갓 장인초대석 [테스터훈], 249902,2020. 7. 19, 2079, 105,375,테스터훈 ,장인초대석 ,람머스
221,T1 Faker, 109,페이커 이상한 나라의 갈리오 [Faker Stream Highlight], 576992,2020. 7. 30, 9427, 142,752,Faker ,Galio,
222,T1 Faker, 109,궁 좀 줘볼래? 캐리 좀 하게 [Faker Stream Highlight], 836366,2020. 7. 27, 11014, 179,850,Faker ,Sylas,
223,T1 Faker, 109,페이커의 리신 이쿠! 에쿠! 쓰리쿠!션 [Faker Stream Highlight], 635642,2020. 7. 23, 10460, 173,650,T1 ,Faker ,Leesin
224,T1 Faker, 109,잡았죠? 페이커가 제드 해봤습니다. [Faker Stream Highlight], 948363,2020. 7. 21, 14547, 279,1005,Faker ,Zed,
225,T1 Faker, 109,페이커 차 뽑았습니다 [Faker Stream Highlight], 717774,2020. 7. 16, 11398, 197,951,Faker ,T1,
226,T1 Faker, 109,페이커와 젠지 4인방이 만났습니다 [Faker Stream Highlight], 601234,2020. 7. 12, 9129, 129,583,Faker ,T1,
227,T1 Faker, 109,🚨솔랭파괴🚨 페이커의 레전드 미드 누럼프(feat.도인비) [Full Game] [Faker Game Play], 1106881,2020. 7. 9, 11950, 266,1402,Faker ,Nunu,
228,T1 Faker, 109,페이커의 고전파 질리언이 나왔다구? [Faker Stream Highlight], 617293,2020. 7. 6, 9512, 132,534,Faker ,T1,
229,T1 Faker, 109,페이커! 승리의 트위스티드 페이커!! [Faker Stream Highlight], 680888,2020. 7. 4, 11315, 161,765,T1 ,Faker,
230,T1 Faker, 109,페이커의 원딜 볼리베어(feat. 원딜 녹턴) [Faker Stream Highlight], 787012,2020. 6. 30, 11006, 158,1022,Faker ,T1,
231,T1 Faker, 109,페이커가 사기템 써봤습니다. [Faker Stream Highlight], 794131,2020. 6. 29, 11210, 160,639,Faker ,MidLucian,
232,T1 Faker, 109,⭐️솔랭주의보⭐️ 페이커의 미드 오공 [Faker Stream Highlight], 630393,2020. 6. 24, 9965, 134,683,T1 ,Faker ,Wukong
233,T1 Faker, 109,불좀 꺼줄래? 페이커 솔랭 좀 보게 [Faker Stream Highlight], 1094876,2020. 6. 21, 17525, 181,1474,Faker ,T1,
234,T1 Faker, 109,조이로 넥서스에 조의를 표하세요 [Faker Stream Highlight], 592169,2020. 6. 12, 10353, 124,702,T1 ,Faker ,Zoe
235,T1 Faker, 109,페이커가 아리 한번 픽해봤습니다 [Faker Stream Highlight], 1510833,2020. 6. 9, 17725, 318,1679,Faker ,Ahri ,T1
236,T1 Faker, 109,T1 미드 대격돌! 솔랭에서 클로저를 만난 페이커 [Faker Stream Highlight], 675185,2020. 6. 5, 9944, 121,754,T1 ,Faker ,Clozer
237,T1 Faker, 109,페이커가 롤하는 재미 알려드립니다. [Faker Stream Highlight], 964376,2020. 6. 2, 11905, 239,768,Faker ,Fizz,
238,T1 Faker, 109,페이커에게 블루를 안 주면 생기는 일 [Translated] [Faker Stream Highlight], 613148,2020. 5. 30, 10224, 167,1187,Faker ,T1,
239,T1 Faker, 109,🔥페이커도 우르프를 한다!🔥무한동력 나서스 대작전 [Faker Stream Highlight], 642702,2020. 5. 25, 8910, 141,814,Faker ,T1 ,Nasus
240,T1 Faker, 109,페이커★에포트 바텀듀오 출격! [Faker Stream Highlight], 934654,2020. 5. 22, 11584, 201,762,T1 ,Faker ,Effort
241,마이린 TV, 107,아틀라스 VS 아틀라스 카트라이더 이어달리기 대결 (마이린 뚜아뚜지 카트라이더 러쉬 플러스) 마이린 TV, 82898,최초 공개: 2020. 8. 3, 1836, 171,655,게임 인기 급상승 동영상 ,35,
242,마이린 TV, 107,여름엔 역시 워터파크 ♡ 올해는 안전하게 놀고 왔어요 (feat. 중앙재난안전대책본부 워터파크 안전수칙) 스플라스 리솜 | 마이린 TV, 99814,2020. 8. 1,,,,,,
243,마이린 TV, 107,[학교일상] 마지막으로 학교 가는 날 일상 브이로그 (1학기 성적 통지표도 받았어요) 이제 방학 | 마이린 TV, 86053,최초 공개: 2020. 7. 31, 1904, 102,468,,,
244,마이린 TV, 107,뿌링클 치킨 치즈볼 다 걸고 카트라이더 이어달리기 대결 (시즌2 feat. 뚜아뚜지 뚜빠) 카트라이더 러쉬 플러스 | 마이린 TV, 105971,최초 공개: 2020. 7. 29, 2199, 153,684,,,
245,마이린 TV, 107,[주말일상] 롱보드 타고 한강라면 먹고 수영복 새로 사고 개인 물놀이 용품도 새로 샀어요 | 마이린 TV, 125995,최초 공개: 2020. 7. 27, 2521, 162,627,,,
246,마이린 TV, 107,시험 끝나면 뭐할까? 기말고사 끝낸 중학생 24시간 일상 브이로그 (전용 피시방도 가고 고기도 먹고 놀러도 가고 밀린 잠 자고) 마이린 TV, 89404,최초 공개: 2020. 7. 25, 1987, 133,545,,,
247,마이린 TV, 107,아틀라스 대박~ 밤12시에 카트라이더 시즌2 아틀라스 뽑기 (역시 레전드) 카트라이더 러쉬 플러스 모바일 게임 | 마이린 TV, 118135,최초 공개: 2020. 7. 24, 2017, 291,781,,,
248,마이린 TV, 107,[기말고사 D-day] 중학생 기말고사 첫날 둘째날 24시간 시험 준비 브이로그 (마이린 기말고사 시험 결과도 살짝 공개해요) 마이린 TV, 98775,최초 공개: 2020. 7. 22, 2360, 154,723,,,
249,마이린 TV, 107,[기말고사 D-1] 코피까지 터졌다구? 벼락치기 시험공부 24시간 브이로그 (중학생 첫 기말고사 시험준비 일상) 마이린 TV, 131579,최초 공개: 2020. 7. 20, 2673, 158,886,,,
250,마이린 TV, 107,지옥의 매운맛🌶 엄마가 집에서 불냉면을 해주셨어요 (송주 불냉면 맞습니다) 마이린 TV, 82772,2020. 7. 19, 1713, 114,393,,,
251,마이린 TV, 107,밤12시에 게임하기 ㅋㅋ 카트라이더 시즌2 바로 달렸어요 (레전드 카트 몬스터 져스티스 뽑았나요?) 카트라이더 러쉬 플러스 | 마이린 TV, 98964,최초 공개: 2020. 7. 17, 1564, 226,517,,,
252,마이린 TV, 107,대박~ 카카오프렌즈 정품 랜덤박스 뽑기 (휴대용 선풍기부터 고급 블루투스 스피커까지) 사장님 몰래 하는 이벤트래요 | 마이린 TV, 122415,최초 공개: 2020. 7. 16, 2731, 140,841,,,
253,마이린 TV, 107,[기말고사 D-7] 중학생 기말고사 시험 준비 24시간 일상 브이로그 (하루종일 바쁘다 바빠~ 그런데 시험 공부는 언제 하죠?) 마이린 TV, 129729,최초 공개: 2020. 7. 14, 2824, 181,907,,,
254,마이린 TV, 107,친구가 시키는 대로 빙수 만들기 (네이버 최신 빙수??? 믿었던 친구에게 몰카 완전 당했습니다 ㅠㅠ) feat. 노래하는하람 | 마이린 TV, 170106,최초 공개: 2020. 7. 12, 3611, 223,899,,,
255,마이린 TV, 107,[최초공개] 대박~ 마이린이 게임을 개발했어요! 지금 바로 다운로드 받으세요 ㅎㅎ (1:1 온라인 코딩 교육 체험 후기 | 위즈라이브) 마이린 TV, 213713,최초 공개: 2020. 7. 11, 3127, 299,850,,,
256,마이린 TV, 107,복불복 나만의 빙수 만들기 대결 (마이린 VS 마이맘) 우리집 냉장고를 모두 털었습니다 | 마이린 TV, 113765,2020. 7. 10, 2043, 113,1089,,,
257,마이린 TV, 107,망했다 ㅠㅠ 엄마가 스마트폰을 던졌어요 (with 노래하는하람 마이맘) 크리에이터와 함께하는 디지털 사회혁신 공모전 | 마이린 TV, 243484,2020. 7. 7, 4786, 316,1471,,,
258,마이린 TV, 107,500원으로 카트라이더 카트 문방구 뽑기 (제노 핑크코튼 세이버레드 뽑을 수 있을까) 기대가 크면 실망도 크다던데... | 마이린 TV, 143987,2020. 7. 6, 2655, 274,1482,,,
259,마이린 TV, 107,[일상] 마이린이 중국어 공부를 시작했어요 (중국어 체험 신청부터 상담 첫 수업 그리고 모바일 복습 전 과정 중계) 차이홍 시니어 후기 | 마이린 TV, 107706,최초 공개: 2020. 7. 4, 2285, 149,840,,,
260,마이린 TV, 107,학교 안가면 뭐해 ㅠㅠ 먹고 공부하고 먹고 공부하고 먹고 공부하고 ... 끝나지 않는 평일 중학생 하루 일상 브이로그 | 마이린 TV, 209510,2020. 7. 1, 3582, 244,1216,,,
261,Dino Box Jurassic park, 107,ALL HYBRID DINOSAUR INTRO JURASSIC WORLD EVOLUTION, 620,2020. 8. 2, 13, 2,0,,,
262,Dino Box Jurassic park, 107,Build a disassembled dinosaur brick Play Jurassic World #2, 1039,2020. 7. 30, 12, 2,0,,,
263,Dino Box Jurassic park, 107,ZOOKEEPER Simulator BUT DINOSAURS Are ATTACKING! raptor Funny game, 722,2020. 7. 27, 4, 2,0,,,
264,Dino Box Jurassic park, 107,Godzilla vs Indoraptor - Jurassic World Evolution Dinosaurs Battle, 1497,2020. 7. 22, 8, 2,0,,,
265,Dino Box Jurassic park, 107,11 Herbivorous dinosaur Showcase - Jurassic World Evolution, 1236,2020. 7. 21, 12, 3,1,,,
266,Dino Box Jurassic park, 107,Protect the dinosaur eggs! Assembling Dinosaurs Jurassic World, 1280,2020. 7. 20, 10, 없음,0,,,
267,Dino Box Jurassic park, 107,10 CARNIVORE DINOSAURS Showcase - Jurassic World Evolution #2, 2372,2020. 7. 18, 17, 3,0,,,
268,Dino Box Jurassic park, 107,10 CARNIVORE DINOSAURS Showcase - Jurassic World Evolution #1, 1197,2020. 7. 17, 19, 1,1,,,
269,Dino Box Jurassic park, 107,ZOOKEEPER Simulator BUT DINOSAURS Are ATTACKING! Triceratops Funny game, 1769,2020. 7. 8, 8, 3,0,,,
270,Dino Box Jurassic park, 107,Save the herbivorous dinosaur that escaped from Jurassic World - Jurassic World Evolution, 1454,2020. 7. 5, 12, 3,0,,,
271,Dino Box Jurassic park, 107,Build a disassembled dinosaur brick Play Jurassic World, 3448,2020. 7. 2, 18, 8,0,,,
272,Dino Box Jurassic park, 107,Ranger Car attack! Avoid dinosaurs attacking Jurassic World Ranger Car Jurassic World Evolution, 1834,2020. 6. 28, 14, 1,0,,,
273,Dino Box Jurassic park, 107,Find the dinosaur head inside the Tayo garage Jurassic World, 4389,2020. 6. 24, 31, 6,3,,,
274,Dino Box Jurassic park, 107,ZOOKEEPER Simulator BUT DINOSAURS Are ATTACKING!T-rex Funny game, 1960,2020. 6. 17, 12, 5,0,,,
275,Dino Box Jurassic park, 107,Box of Toys Lots of T-rex DinosaursJurassic World The Good dinosaurSchleich Dinosaur Toys, 7236,2020. 6. 14, 37, 15,0,,,
276,Dino Box Jurassic park, 107,The volcano erupted Protect the dinosaurs Jurassic Evolution, 2352,2020. 6. 11, 11, 6,2,,,
277,Dino Box Jurassic park, 107,Herbivorous sauropod 6 species 30 Jurassic World Evolution game play, 919,2020. 6. 9, 6, 2,0,,,
278,우왁굳의 게임방송, 102,캠 켰다가 뇌절 했습니다 - 왁굳의 노가리, 229164,2020. 8. 4, 5629, 64,917,인기 급상승 동영상 ,42,
279,우왁굳의 게임방송, 102,포커에서 함정카드 발동하는 법 - 프로미넌스 포커 고멤합방 2화 (완), 187478,2020. 8. 3, 3976, 55,620,게임 인기 급상승 동영상 ,43,
280,우왁굳의 게임방송, 102,마크 개발자 모장이 만든 mmorpg 게임이 있다는 사실을 알고 계셨나요? - 뷔름 온라인 (wurm online), 277014,2020. 8. 1, 3724, 84,843,,,
281,우왁굳의 게임방송, 102,이 말투가 24살이라고? - 우왁굳의 VR챗, 469912,2020. 8. 1, 11623, 158,1891,,,
282,우왁굳의 게임방송, 102,엄청 작은 나노단위로 건축을 할 수 있는 모드?! - 마인크래프트 치즐 모드, 410455,2020. 7. 30, 8758, 349,1585,,,
283,우왁굳의 게임방송, 102,아니 타코야키를 개 크게 만들었어 ㅋㅋㅋㅋ 딱 한 알로 승부보는 팀 - 마인크래프트 뉴건축콘테스트 '일식편', 464643,2020. 7. 30, 8979, 243,1357,,,
284,우왁굳의 게임방송, 102,좀비한테 물리면 좀비가 되버리는 좀비게임 ㅋㅋㅋ - 노모어룸인헬 고멤합방, 327964,2020. 7. 29, 5321, 111,804,,,
285,우왁굳의 게임방송, 102,메이플스토리에 접속하니까 생긴 일, 461024,2020. 7. 28, 7233, 182,2152,,,
286,우왁굳의 게임방송, 102,우왁굳식 캠먹방 - 왁굳의 노가리 모음집, 326101,2020. 7. 27, 6354, 106,818,,,
287,우왁굳의 게임방송, 102,마크 RTX 신 맵 공개?!, 204088,2020. 7. 26, 3927, 93,969,,,
288,우왁굳의 게임방송, 102,우왁끼 스튜디오 2020 우왁굳 생일 + 100만 구독자 기념곡 '나만의 작은 너 Paradise' Official MV, 76323,2020. 7. 25, 2483, 31,586,,,
289,우왁굳의 게임방송, 102,우왁끼 스튜디오 2020 우왁굳 생일 + 100만 구독자 기념곡 '꿈꾸는 너에게로 Official MV, 109603,2020. 7. 25, 2230, 52,398,,,
290,우왁굳의 게임방송, 102,그로우 왁랜드 - 생일 기념 팬게임, 207856,2020. 7. 25, 5625, 60,603,,,
291,우왁굳의 게임방송, 102,침팬지가 되어가네 - 우왁굳 생일 기념 헌정 노래, 101516,2020. 7. 25, 3936, 45,655,,,
292,우왁굳의 게임방송, 102,생일선물 (느그메이션) - 우왁굳 생일 기념 단편 애니, 76292,2020. 7. 25, 2560, 34,386,,,
293,우왁굳의 게임방송, 102,모든 몬스터가 강제로 고양이화 되있는 게임 ㅋㅋㅋㅋㅋ - 냥코대전쟁 6주년 기념 업데이트, 198589,2020. 7. 24, 4142, 177,2002,,,
294,우왁굳의 게임방송, 102,"2020 우왁굳 생일 헌정곡 ""찐따인 척"" - 뇌절 스튜디오", 274981,2020. 7. 23, 9214, 118,1743,,,
295,우왁굳의 게임방송, 102,터질까 말까 터질까 말까 터질까 말까 터질까 말까 터터터터 ~ ? - 웜즈 고멤합방 2화 (완), 235377,2020. 7. 23, 3484, 70,506,,,
296,우왁굳의 게임방송, 102,피파보다 더 리얼한 11:11 축구게임으로 대회를 열었습니다 - 아이오싸커 대한민국 최강팀 토너먼트, 260191,2020. 7. 22, 3466, 94,757,,,
297,우왁굳의 게임방송, 102,포커를 못 치는 사람들만 모여서 포커를 친다면? - 프로미넌스 포커 고멤합방, 344852,2020. 7. 21, 6905, 81,1037,,,
298,겜브링 GGAM BRING, 101,귀엽던 아들이 뭔가 달라졌따! - 베이비 인 옐로우 the Baby in Yellow - 겜브링(GGAMBRING), 78343,2020. 8. 3, 1766, 58,630,겜브링 ,공포게임,
299,겜브링 GGAM BRING, 101,어딘가 모자란 괴수 3종 세트 - 병맛괴수(Attack of the giant mutant lizard) - 겜브링(GGAMBRING), 157611,2020. 8. 2, 2428, 89,464,겜브링 ,좀_모자란 ,병맛괴수
300,겜브링 GGAM BRING, 101,수천년간 봉인된 괴수가 깨어났다?! - 병맛괴수(Attack of the giant mutant lizard) - 겜브링(GGAMBRING), 187461,2020. 8. 1, 2840, 91,572,겜브링 ,병맛괴수 ,쿠와앙
301,겜브링 GGAM BRING, 101,게딱지 나오는 게임에 15만 원 이나 쓰다니 - 킹 오브 크랩 - 겜브링(GGAM BRING), 123513,2020. 7. 31, 1958, 78,398,겜브링 ,게싸움 ,무료게임
302,겜브링 GGAM BRING, 101,감사합니다! 골드버튼 받았습니다! 그런데... - 겜브링(GGAMBRING), 190012,2020. 7. 29, 7364, 201,2057,겜브링 ,골드버튼 ,평생콘텐츠
303,겜브링 GGAM BRING, 101,(목숨걸고) 지나갑니닭~ - 치킨 로얄 Chicken Royale - 겜브링(GGAMBRING), 101702,2020. 7. 28, 1749, 79,468,겜브링 ,치킨챌린지3D ,모바일
304,겜브링 GGAM BRING, 101,데린이 생존마 생존기 1탄 - 데드 바이 데이라이트 - 겜브링(GGAMBRING), 74789,2020. 7. 27, 1438, 65,590,겜브링 ,데바데 ,생존자
305,겜브링 GGAM BRING, 101,*헐크등장* 본격 학교 막장으로 휘젓고 다니는 영상 - 배드가이즈 앳 스쿨 04 BadGuys At School - 겜브링(GGAMBRING), 393172,2020. 7. 26, 4840, 272,770,겜브링 ,학교시뮬 ,헐크가왜나와
306,겜브링 GGAM BRING, 101,게임인생30년 게임은 이렇게 해야 제맛이죠^^(Feat. LG 올레드 TV) - 겜브링(GGAMBRING), 94496,2020. 7. 25, 2099, 68,884,겜브링 ,LG올레드TV ,OLED48CXKNB
307,겜브링 GGAM BRING, 101,6주년 기념 냥코~ 근데 얘는 대체 뭐야?!!!! - 냥코대전쟁 - 겜브링(GGAMBRING), 294814,2020. 7. 24, 4230, 242,4295,겜브링 ,냥코대전쟁 ,6주년
308,겜브링 GGAM BRING, 101,저 오목 잘 합니다. - 51 월드와이드 - 겜브링(GGAMBRING), 89420,2020. 7. 22, 1457, 103,476,겜브링 ,스위치 ,미니게임
309,겜브링 GGAM BRING, 101,직접 그림 그려서 스토리 진행하는 게임! - 드로우 스토리 draw story - 겜브링(GGAM BRING), 132756,2020. 7. 21, 2091, 70,403,겜브링 ,브바일 ,드로우스토리
310,겜브링 GGAM BRING, 101,내가 만든 '다리'로 달린다! 이 게임 완.벽.공.략...(?) - 폴리브릿지2(Poly Bridge 2) - 겜브링(GGAMBRING), 112073,2020. 7. 20, 1729, 73,361,겜브링 ,다리만들기 ,폴리브릿지2
311,겜브링 GGAM BRING, 101,교장샘! 오늘 팬티 무슨 색 입고 왔어요~? - 배드가이즈 앳 스쿨 03 Badguys At School - 겜브링(GGAMBRING), 272953,2020. 7. 19, 3886, 127,651,겜브링 ,배드가이즈앳스쿨 ,학교시뮬
312,겜브링 GGAM BRING, 101,진짜 내 맘대로 되는 게 하나도 없는 게임 - 마이썸머카 #16 - 겜브링(GGAMBRING), 157167,2020. 7. 18, 2867, 119,806,겜브링 ,마썸카 ,제발엔딩좀
313,겜브링 GGAM BRING, 101,궁수의 전설 1주년 대규모 업데이트?! 🎉 - 궁수의전설 - 겜브링(GGAMBRING), 124482,2020. 7. 17, 2122, 66,468,겜브링 ,궁수의전설 ,1주년
314,겜브링 GGAM BRING, 101,100만 구독자 달성 기념 구독자 이벤트!! - 겜브링(GGAMBRING), 66218,2020. 7. 16, 2685, 58,1201,겜브링 ,백만 ,이벤트
315,겜브링 GGAM BRING, 101,버기 타고 암벽 등반 쌉가능?? - 스노우러너 02 - 겜브링(GGAMBRING), 177881,2020. 7. 15, 2619, 78,579,겜브링 ,스노우러너 ,오프로드
316,겜브링 GGAM BRING, 101,갈고 닦은 레이싱 실력 공개!? - 야생 동물 경주 - 겜브링(GGAM BRING), 100594,2020. 7. 14, 1816, 52,433,겜브링 ,야생동물 ,카트
317,겜브링 GGAM BRING, 101,향유고래의 모든 것 (심해공포증 주의🚨) - 비욘드블루 - 겜브링(GGAMBRING), 119754,2020. 7. 13, 2960, 109,684,겜브링 ,비욘드블루 ,향유고래
318,MariAndColors, 100,Disney car truck toy for kids pretend play Nursery Rhymes songs with kids toys ㅣMari and colors, 14651,2020. 7. 31, 78, 37,,,,
319,MariAndColors, 100,중장비 자동차 장난감 블록 다리 만들기 포크레인 트럭 크레인 색깔놀이 construction car toys | MariAndColors, 13176,2020. 7. 23, 47, 27,,,,
320,MariAndColors, 100,Disney Car Lightning McQueen with Learn colors Disney cars FRANK. Rescue cars, 26784,2020. 7. 2, 130, 47,,,,
321,MariAndColors, 100,Cars Toys Learning Videos for Kids Building bridge with truck excavator Tayo Bus Songs for Kids, 17077,2020. 7. 1, 57, 38,,,,
322,MariAndColors, 100,킨더조이 에그에서 무엇이 나올까요? ㅣ색깔놀이 ㅣ서프라이즈 에그ㅣ물감놀이 | MariAndColors, 32496,2020. 6. 10, 123, 67,,,,
323,MariAndColors, 100,전자렌지 장난감에 구슬을 넣으면 무엇이 나올까요? ㅣ아이들을 위한 색상 놀이 | MariAndColors, 35478,2020. 6. 7, 107, 45,,,,
324,MariAndColors, 100,박스 안에 다양한 서프라이즈 에그와 킨더조이 알까기 놀이 히어로 장난감, 31326,2020. 5. 29, 91, 39,,,,
325,MariAndColors, 100,알파벳 배우기 | 알파벳이 로봇으로 변신해요 | 변신 장난감ㅣ쉬운로봇ㅣ MariAndColors, 14830,2020. 5. 25, 44, 18,,,,
326,MariAndColors, 100,아기 목욕 놀이 장난감 ㅣ 바다 모래 놀이 ㅣ 목욕송 | 비눗방울 놀이ㅣ MariAndColors, 10282,2020. 5. 23, 36, 22,,,,
327,MariAndColors, 100,플레이모빌 동물 자동차 장난감 Adventure Truck Construction Vehicle Police Cars Ambulance Toys Unboxing PLAYMOBIL, 19653,2020. 5. 13, 71, 41,,,,
328,MariAndColors, 100,소방구조대 출동! 불이나면 소방차 불러주세요ㅣ소방차 장난감 놀이ㅣ MariAndColors, 10623,2020. 5. 10, 36, 17,,,,
329,MariAndColors, 100,색깔 물감 안에 어떤 장난감이 있을까요? How To Make Frozen Paint with Rainbow Colors Tube | MariAndColors, 19317,2020. 5. 6, 65, 39,,장난감 ,mariandcolors ,frozenpaint
330,MariAndColors, 100,아기 목욕 장난감놀이 | 생활습관 | 어린이 동요 | MariAndColors, 10709,2020. 5. 2, 59, 24,,아기 ,놀이 ,장난감
331,MariAndColors, 100,Construction Vehicles toys for children | Fire truck Dump Truck Excavator for kids Nursery Rhymes, 13346,2020. 4. 23, 53, 33,,,,
332,MariAndColors, 100,Learn colors with Lightning McQueen Pixar Mack truck Disney cars 3 for kids l MariAndColors, 18870,2020. 4. 21, 84, 32,,,,
333,MariAndColors, 100,디즈니카 장난감 자동차 Disney car truck toy for kids Nursery Rhymes songs with kids toys | Mariandcolors, 9916,2020. 4. 21, 49, 29,,disney ,car ,toys
334,MariAndColors, 100,Learning Color Special city Vehicle police car Assemble and drawing play for kids, 17153,2020. 4. 17, 73, 26,,,,
335,MariAndColors, 100,How To Make Frozen Paint with Colors Tube videos l MariAndColors, 11369,2020. 4. 15, 41, 24,,,,
336,MariAndColors, 100,Making Forest home Playmobil Wild Life Videos Toys For Kids Learning video for Children, 9184,2020. 4. 14, 27, 16,,,,
337,MariAndColors, 100,Police cars toys for Children Construction vehicles for kids l MariAndColors, 5728,2020. 4. 13, 25, 20,,,,
338,킴성태TV, 97.9,깐족거리는 형 때려도 되죠? 【킴성태 vs 철구 배그 대결】, 156527,2020. 8. 3, 1550, 59,274,게임 인기 급상승 동영상 ,14,
339,킴성태TV, 97.9,철구형님이 저희 집에 찾아와서 하는 말이..?, 200407,2020. 8. 2, 1978, 84,374,,,
340,킴성태TV, 97.9,소개팅에 나갔다가.., 247035,2020. 8. 1, 1818, 65,328,,,
341,킴성태TV, 97.9,2년 만입니다 철구 형님.., 87681,2020. 8. 1, 614, 94,191,,,
342,킴성태TV, 97.9,이분이 배그 대통령 맞나요?, 135087,2020. 7. 31, 1110, 47,139,,,
343,킴성태TV, 97.9,무엇이든 대답해 드립니다., 246104,2020. 7. 29, 2149, 65,418,남순 ,김민교 ,박사장
344,킴성태TV, 97.9,메이플 처음해보는데 265억 썼습니다. 성공 한건가요?, 187919,2020. 7. 28, 1061, 54,233,,,
345,킴성태TV, 97.9,펍지 본사가서 1인 시위하기 벌칙의 주인공은? [배틀그라운드], 167107,2020. 7. 27, 1428, 49,297,나락전 ,세번째이야기,
346,킴성태TV, 97.9,펍지 형들.. 패치를 어디까지 한거야? [배틀그라운드], 140963,2020. 7. 26, 1240, 59,214,,,
347,킴성태TV, 97.9,롤해서 죄송합니다.. 배그 실력으로 보여드릴게요 [배틀그라운드], 151330,2020. 7. 25, 1253, 46,172,나락전 ,세번째이야기,
348,킴성태TV, 97.9,대회 때마다 찐텐부린걸 반성하게 만드는 괴물 신입 BJ.. [배틀그라운드], 175472,2020. 7. 24, 1273, 41,204,나락전 ,세번째이야기,
349,킴성태TV, 97.9,시민이 셋인데 마피아가 셋? 이게 맞나요 ㅋㅋㅋㅋ [어몽어스], 217423,2020. 7. 23, 1588, 47,119,,,
350,킴성태TV, 97.9,나락전 대회 엄청난 팀원을 만났습니다., 129255,2020. 7. 22, 1026, 38,259,나락전 ,세번째이야기,
351,킴성태TV, 97.9,이거 하다 박사장이랑 싸움;; [슈퍼버니맨], 155181,2020. 7. 21, 1542, 40,212,,,
352,킴성태TV, 97.9,여자 목소리로 팀원들 당황시키기 ㅋㅋㅋㅋ [배틀그라운드], 158588,2020. 7. 20, 1485, 46,173,랜덤스쿼드 ,pubg,
353,킴성태TV, 97.9,이 게임에 미쳐버렸습니다. [어몽어스], 243220,2020. 7. 19, 1812, 68,173,,,
354,킴성태TV, 97.9,저를 위한 게임을 찾은것 같습니다., 238622,2020. 7. 18, 1760, 62,205,,,
355,킴성태TV, 97.9,그녀에게 온 편지 한통.. [배틀그라운드], 125844,2020. 7. 17, 1159, 45,252,,,
356,킴성태TV, 97.9,진짜 게임을 할 수가 없네요;;;; [배틀그라운드], 195158,2020. 7. 16, 1756, 63,210,,,
357,킴성태TV, 97.9,죠랄 하이라이트 【2020년 7월】 [배틀그라운드], 211746,2020. 7. 15, 1536, 53,199,,,
358,릴카, 97.3,트위치에서 정글선생님 소풍왔니 모셔왔습니다ㅋㅋ[세상에 나쁜 릴카는 없다], 49057,2020. 8. 3, 1099, 24,162,릴카 ,LOL ,소풍왔니
359,릴카, 97.3,릴카 첫 샹송커버 도전🇫🇷 Va Va Vis - Florina, 166978,2020. 8. 2, 7276, 42,1232,릴카 ,Cover ,VaVaVis
360,릴카, 97.3,🇫🇷꿀잠보장🌙 프랑스어로 랭보 시집 읽기 [지옥에서 보낸 한 철] Arthur Rimbaud (Audio Book), 72413,2020. 7. 31, 2094, 34,283,릴카 ,AudioBook ,랭보
361,릴카, 97.3,칸메이라구 상자깡 초대박;;;프레스티지 확률 미쳤네, 88640,2020. 7. 29, 1367, 27,159,릴카 ,롤 ,뽑기
362,릴카, 97.3,풀착장 현금1000만원?메이플 코디 콘테스트! 최고의 메아가에 투표해주세요XD, 141793,2020. 7. 28, 1219, 30,172,릴카 ,메이플 ,패션
363,릴카, 97.3,난생 처음으로 펜션 바베큐 고기를 직접 구워보았다..., 196325,2020. 7. 27, 2814, 52,430,릴카 ,여행 ,바베큐
364,릴카, 97.3,바다에 여행 왔는데 저빼고 다 커플이네요., 294959,2020. 7. 26, 4374, 69,717,릴카 ,여행 ,바다
365,릴카, 97.3,가슴이 웅장해지는 롤 명장면들 (feat.페이커...류), 220167,2020. 7. 24, 2187, 53,235,릴카 ,LOL ,명장면
366,릴카, 97.3,🇫🇷최근 화제가 되었던 '프랑스어가 배우기가 ㅈㄴ힘든 이유' 알려드립니다, 184340,2020. 7. 23, 3331, 44,511,릴카 ,프랑스어 ,불어
367,릴카, 97.3,모르가나 대리 아닙니다, 93673,2020. 7. 22, 1394, 27,237,릴카 ,롤 ,모르가나
368,릴카, 97.3,사람대신 골키퍼가 된 개헤아 사연???!! 축구계 동물 난입 BEST장면, 106446,2020. 7. 20, 2166, 29,246,릴카 ,축구 ,동물
369,릴카, 97.3,추레한 남동생을 내 스타일대로 훈남으로 변신시키기!, 246010,2020. 7. 19, 2386, 42,381,릴카 ,메이크오버 ,메이크업
370,릴카, 97.3,내가 직접 살린 DRX 신상 유니폼 솔직 후기, 185905,2020. 7. 18, 2138, 37,271,릴카 ,LOL ,DRX
371,릴카, 97.3,🇫🇷프랑스 욕같은 시벨엄(si bel homme)강의, 87849,2020. 7. 17, 2083, 20,352,릴카 ,프랑스어 ,불어
372,릴카, 97.3,31살 양갈래 해명하겠습니다, 158403,2020. 7. 16, 2998, 52,464,릴카 ,게임 ,페르소나5스크램블
373,릴카, 97.3,메이플 아델 코어강화하다 팡이요님 길드에 들어갔어요!, 165436,2020. 7. 15, 1314, 27,217,릴카 ,메이플스토리 ,코어강화
374,릴카, 97.3,쉬면서 집을 베르사유처럼 꾸며 보았다! 동물의 숲 여름패치 힐링하면서 즐기기, 65510,2020. 7. 14, 1415, 23,191,릴카 ,동물의숲 ,인테리어
375,릴카, 97.3,오랜만이에요 여러분, 216361,2020. 7. 13, 5733, 78,1102,릴카 ,복귀 ,컴백
376,릴카, 97.3,처음 하는 챔으로 쿼드라킬 하는 법^^, 152199,2020. 6. 23, 1434, 47,266,릴카 ,롤 ,LOL
377,릴카, 97.3,릴카를 설레게 했던 남자들과 달달각 특집💕, 238187,2020. 6. 21, 2791, 52,406,릴카 ,달달 ,연애
378,기리TV, 96.5,사황 등급 달성! 강력한 보스 능력까지! 근데 로블록스도 카드 한도 초과? [로블록스], 282030,2020. 7. 31, 3016, 142,1647,,,
379,기리TV, 96.5,[EP.01] 스위치에 야생이?! 하이랄 모험의 시작! [젤다의 전설 야생의 숨결], 196055,2020. 7. 25, 2870, 70,3452,,,
380,기리TV, 96.5,새로운 2차원 힘의 세상! 기어포스 귀멸의칼날 출동 [로블록스], 518365,2020. 7. 21, 4204, 275,2811,,,
381,기리TV, 96.5,[EP.29] DLC 신규 거다이맥스 총 출동! 갑옷섬 도감도 완성하기 [포켓몬스터 소드 실드], 281575,2020. 7. 18, 2909, 115,1098,,,
382,기리TV, 96.5,극한 현질수련으로 변신하고 첫 보스까지! [로블록스], 547635,2020. 7. 11, 4177, 262,2783,,,
383,기리TV, 96.5,심해에서 나타난 괴물! 심해상어 [헝그리샤크 에볼루션], 225327,2020. 7. 7, 2620, 105,1005,,,
384,기리TV, 96.5,수상한 적 등장! 아이언맨의 새로운 모험 [아이언맨 VR], 194810,2020. 7. 4, 2643, 108,1105,,,
385,기리TV, 96.5,[EP.28] 새로 나온 DLC 모든 기술과 이로치 제라오라 [포켓몬스터 소드 실드], 368835,2020. 7. 2, 3377, 148,1399,,,
386,기리TV, 96.5,[EP.27] 갑옷섬 DLC로 부활한 전용기 총 출동! (실드 익스팬션) [포켓몬스터 소드 실드], 396507,2020. 6. 28, 3262, 179,1088,,,
387,기리TV, 96.5,감염자들이 변해버렸다! 버섯 괴물? [라스트 오브 어스 2화], 168770,2020. 6. 25, 2299, 53,1330,,,
388,기리TV, 96.5,[EP.26] 전설이 진화한다? 일격의 태세 우라오스 만들기 [포켓몬스터 소드 실드], 530619,2020. 6. 23, 4501, 221,1317,,,
389,기리TV, 96.5,[EP.25] 첫 DLC 갑옷섬 등장! 신규 전설 포켓몬 치고마 [포켓몬스터 소드 실드], 569971,2020. 6. 19, 5024, 251,2022,,,
390,기리TV, 96.5,멸종모드 등장? 변이된 고대 메갈로돈 출동! [헝그리샤크 월드], 452940,2020. 6. 16, 4395, 215,1840,,,
391,기리TV, 96.5,이상한 바이러스가 퍼진 지구에서 생존하는 게임 [라스트 오브 어스], 286215,2020. 6. 13, 3379, 138,1670,,,
392,기리TV, 96.5,현질로 최강 애니 히어로 만들기 [로블록스], 530232,2020. 6. 9, 4284, 242,3262,,,
393,기리TV, 96.5,모든 진화 풀강! 최종보스 피트와 대결하고 100% 완료하기 [맨이터 최종화], 580773,2020. 6. 5, 4805, 239,1671,,,
394,기리TV, 96.5,메갈로돈? 만렙 거대 메가샤크 만들기 [맨이터 3화], 627796,2020. 6. 3, 4808, 248,1707,,,
395,기리TV, 96.5,프라이멀 모드 최종보스 피콘 콜로서스 [아크 피라이멀 최종화?], 330578,2020. 6. 1, 3565, 147,1359,,,
396,기리TV, 96.5,복수심으로 전기상어가 되어버렸다! [맨이터 2화], 399759,2020. 5. 30, 3905, 143,1538,,,
397,기리TV, 96.5,엄마 잃은 아기상어가 인간한테 복수하는 게임! 고퀄 헝그리샤크? [맨이터 1화], 592460,2020. 5. 27, 5426, 307,1766,,,
398,쁘허, 96,쁘허 옷입히기! 이것도저것도 이뻐요!! (케페우스M) [PrettyHerb 쁘띠허브], 73457,최초 공개: 2020. 7. 31, 3263, 57,1036,케페우스M ,모바일게임 ,유조이게임스
399,쁘허, 96,100층에 탈출하자!! 엄마에게 도망쳐라 [PrettyHerb 쁘띠허브], 115704,최초 공개: 2020. 7. 28, 4202, 73,1167,,,
400,쁘허, 96,너란 남자 .. 내 남친...♥ (편집자가 만든 여행일기?!) [PrettyHerb 쁘띠허브], 113744,최초 공개: 2020. 7. 19, 4847, 54,1417,,,
401,쁘허, 96,"동숲 ""태쁘의 마을 소개 합니다"" 그런데 비+천둥이라니... [PrettyHerb 쁘띠허브]", 291308,최초 공개: 2020. 7. 15, 8950, 177,2346,,,
402,쁘허, 96,【나무블럭】으로 마인크래프트 꿀벌 만들기! (minecraft honeybee) [PrettyHerb 쁘띠허브], 187601,최초 공개: 2020. 7. 9, 8166, 140,2997,,,
403,쁘허, 96,"【2완결】으스스한 이야기 ""형을 구하라! 나비의 진실?!"" (Creepy Tale) [PrettyHerb 쁘띠허브]", 44268,최초 공개: 2020. 7. 7, 2085, 34,587,,,
404,쁘허, 96,『생명에게 미움받고 있어』 (命に嫌われている。) (Korean cover)[PrettyHerb 쁘띠허브], 566203,최초 공개: 2020. 7. 5, 17209, 238,7287,생명에게미움받고있어 ,커버송 ,쁘허
405,쁘허, 96,🟣6월의 핫클립🟣 🤑..돈주면 감사히 받겠습니다 -🤑★ [PrettyHerb 쁘띠허브], 50043,최초 공개: 2020. 7. 2, 2457, 39,792,,,
406,쁘허, 96,【1】으스스한 이야기- 나비야~ 나비야~(Creepy Tale) [PrettyHerb 쁘띠허브], 76725,최초 공개: 2020. 6. 27, 2676, 53,742,,,
407,쁘허, 96,"『1』 ""범인은... 트루퍼... 8ㅅ8! 호에에에엥!!"" 【쁘허의 사퍼일기】 [PrettyHerb 쁘띠허브]", 55608,최초 공개: 2020. 6. 23, 2121, 39,661,,,
408,쁘허, 96,❤월요일의 우울❤ (┗|∵|┓月曜日の憂鬱) (Korean cover) [PrettyHerb 쁘띠허브], 403756,최초 공개: 2020. 6. 21, 11877, 207,3647,월요일의우울 ,커버송 ,허니웍스
409,쁘허, 96,【진격의 좀비 - 제로】동석아..?? 동석아 8ㅁ8!!! [PrettyHerb 쁘띠허브], 102836,최초 공개: 2020. 6. 18, 4674, 83,1887,,,
410,쁘허, 96,🌹견자희🌹 구체관절 인형 만들기!! (캔디돌-윤타입) 인형가발 염색까지 성공!! [PrettyHerb 쁘띠허브], 292439,최초 공개: 2020. 6. 16, 12093, 158,3266,,,
411,쁘허, 96,상사화 (Magic Lily) (相思花) [PrettyHerb 쁘띠허브], 519469,최초 공개: 2020. 6. 13, 16498, 277,5934,상사화 ,쁘허 ,커버송
412,쁘허, 96,아포칼립스 확장팩 ! 시청자들과 함께! GO! GO! [PrettyHerb 쁘띠허브], 78555,2020. 6. 9, 2740, 62,1222,,,
413,쁘허, 96,❤️쁘허의 연애 일기 24. 싸웠던 적? 떨어졌어? (태경이랑 쁘허의 연애 이야기) [PrettyHerb 쁘띠허브], 250862,2020. 6. 6, 11283, 138,3560,,,
414,쁘허, 96,🌴동물의숲🌴 친구들이 내손에❗ 랜덤 박스를 열자❗ [PrettyHerb 쁘띠허브], 277869,2020. 6. 4, 8209, 190,2351,,,
415,쁘허, 96,🟣5월의 핫클립🟣 ❗이..이게 뭐야?! 나..도..뽀뽀..❗ [PrettyHerb 쁘띠허브], 189943,2020. 6. 2, 5350, 65,1122,,,
416,쁘허, 96,마지막편) 내 생일 엔딩은... 감옥인가요??ㅋ (쁘허의 생일파티) [PrettyHerb 쁘띠허브], 65119,2020. 5. 31, 2037, 45,561,,,
417,쁘허, 96,❤히로인 육성 계획❤(ヒロイン育成計画) (Korean cover) [PrettyHerb 쁘띠허브], 507532,최초 공개: 2020. 5. 30, 12631, 180,3855,히로인육성계획 ,허니웍스 ,커버송
418,텔론, 95.7,딜러는 만렙해커 혼자 합니다ㅋㅋㅋㅋ세상에서 가장 역겨운 풍운냥코탑 공략ㅋㅋㅋㅋ : 냥코대전쟁, 9126,2020. 8. 4, 999, 17,381,,,
419,텔론, 95.7,나는 고양이지만 사실은 곰이다ㅋㅋㅋ쿠워워워워워워야옹야옹ㅋㅋㅋㅋ : 냥코대전쟁, 129971,2020. 8. 3, 2429, 72,764,게임 인기 급상승 동영상 ,37,
420,텔론, 95.7,너무너무 재미있는 재미네ㅋㅋㅋ전 지금부터 나뭇가지 장인입니다ㅋㅋㅋㅋ★재미 10단계★ 정글 아이번, 134716,2020. 8. 3, 1912, 41,426,,,
421,텔론, 95.7,최강의 냥코 흑슬리를 뽑았습니다ㅋㅋㅋ진짜 저주열파 매우매우사기네ㅋㅋㅋㅋ : 냥코대전쟁, 136385,2020. 8. 3, 2818, 63,1235,,,
422,텔론, 95.7,저는 순수한 마법사입니다ㅋㅋㅋ백날 때려봐라 스킬한번에 바로 풀피ㅋㅋㅋㅋ★힐 10단계★ 탑 트린다미어, 199027,2020. 8. 3, 2613, 73,543,,,
423,텔론, 95.7,파밍은 강해지기 위해서이며...포탑을 미는 이유는 이기기 위해서다...★똥꼬집 10단계★ 탑 나서스, 162552,2020. 8. 1, 2339, 104,440,,,
424,텔론, 95.7,날려버리는 레어냥코 전부 만렙 찍음ㅋㅋㅋ상대는 절대 나와 붙을수 없습니다ㅋㅋㅋㅋ : 냥코대전쟁, 103763,2020. 8. 1, 1968, 50,671,,,
425,텔론, 95.7,포노스 진짜로 고소해도 됩니까ㅋㅋㅋ 하루만에 300만원 썼는데 진짜 운 실화냐ㅋㅋㅋㅋ : 냥코대전쟁, 153623,2020. 8. 1, 3857, 80,2109,,,
426,텔론, 95.7,걸어다니는 암살바론을 탄생시켰습니다ㅋㅋㅋ진짜 3번 때리면 바로 먹방끝ㅋㅋㅋㅋ★한입 1단계★ 칼날비 초가스, 189784,2020. 7. 31, 2380, 106,388,,,
427,텔론, 95.7,별에별 고양이들을 전부 모아봤습니다ㅋㅋㅋ복붙하고 색깔만 덧칠한거 보소ㅋㅋㅋㅋ : 냥코대전쟁, 146023,2020. 7. 31, 2374, 52,619,,,
428,텔론, 95.7,알콜도수 버프로 개사기가 되었습니다ㅋㅋㅋ폭탄주 한번에 다 나가떨어지죠ㅋㅋㅋㅋ★알콜 10단계★ 미드 그라가스, 194135,2020. 7. 31, 2333, 71,472,,,
429,텔론, 95.7,속성적한테 전부 6배로 딜넣는 가이아ㅋㅋㅋ개사기 레전드레어들 전부 리뷰한다ㅋㅋㅋㅋ : 냥코대전쟁, 185053,2020. 7. 30, 3192, 82,1113,,,
430,텔론, 95.7,견제에만 능력치 몰빵했습니다ㅋㅋㅋ상대 혈압 올라가는 소리 들린다ㅋㅋㅋㅋ★견제 10단계★ 서폿 르블랑, 205676,2020. 7. 29, 2431, 100,477,,,
431,텔론, 95.7,레전드레어가 5개 나오는 역대급 시리즈ㅋㅋㅋ돌아버려서 220만원 꼴아박아버림ㅋㅋㅋㅋ : 냥코대전쟁, 183378,2020. 7. 29, 3795, 150,1419,,,
432,텔론, 95.7,모든걸 통제하는 절대시야ㅋㅋㅋ모든 부분에서 완벽한 만능사령관ㅋㅋㅋㅋ★무능 10단계★ 서폿 애쉬, 169318,2020. 7. 28, 2286, 66,477,,,
433,텔론, 95.7,변태들만 쓰는 레전드레어 모모코ㅋㅋㅋ광역파동에 광역정지 먹는거 실화냐ㅋㅋㅋㅋ : 냥코대전쟁, 205376,2020. 7. 27, 3179, 96,1234,,,
434,텔론, 95.7,야금야금 개빡치는 광역퍼뎀ㅋㅋㅋ돌아버린 이속으로 카이팅 개오지네ㅋㅋㅋㅋ★고라니 5단계★ 정글 릴리아, 245580,2020. 7. 27, 2949, 94,850,,,
435,텔론, 95.7,난 무조건 트루뎀으로 때린다ㅋㅋㅋ상상도 못한 어거지 원콤킬각ㅋㅋㅋ★방관 3단계★ 미드 다리우스, 310451,2020. 7. 26, 3468, 141,656,,,
436,텔론, 95.7,특이한데 쓸모없는 냥코들을 써봤습니다ㅋㅋㅋ개병맛인데 개귀여운거 많네ㅋㅋㅋㅋ :, 186339,2020. 7. 26, 2897, 75,,,,
437,텔론, 95.7,6주년 기념으로 나온 레어뽑기 고양이ㅋㅋㅋ이거 안사면 레알 흑우지ㅋㅋㅋㅋ : 냥코대전쟁, 242059,2020. 7. 25, 3425, 101,,,,
438,마재TV, 91.4,[ENG Sub]전투 시작부터 끝까지 아군 공속버프 + 적군 공속디버프를 둘다 걸어버립니다 . 반반자르반 (롤토체스 tft 롤토체스3.5), 257176,2020. 8. 3, 2144, 83,,게임 인기 급상승 동영상 ,6,
439,마재TV, 91.4,4-3스테이지에 9렙을 달성하고 3성우르곳을 뽑는 영상 (롤토체스 tft 롤토체스3.5), 365957,2020. 8. 2, 3099, 221,,마재 ,롤토체스시즌3 ,3성우르곳
440,마재TV, 91.4,크고 단단하고 아름답고 강하고 쎄다. 완벽 그 자체 쌍거결육수메카 (롤토체스 tft 롤토체스3.5), 318071,2020. 8. 1, 2494, 105,,마재 ,롤토체스시즌3 ,쌍거결육수메카
441,마재TV, 91.4,현 롤토체스 세계관 최강자를 보여드리겠습니다. 이게뭐야 (롤토체스 tft 롤토체스3.5), 385349,2020. 7. 31, 2886, 152,,마재 ,롤토체스시즌3 ,이게뭐야
442,마재TV, 91.4,절대 따라하지 마십시오. 이것이 미친놈이 뽀삐 쓰는법이다. 가슴웅장뽀삐 (롤토체스 tft 롤토체스3.5), 352971,2020. 7. 30, 2824, 190,,마재 ,롤토체스시즌3,
443,마재TV, 91.4,[ENG Sub]한방에 3킬은 기본 실명시키는게 아니라 사망시킵니다. 핵막탄그브 (롤토체스 tft 롤토체스3.5) 반전주의, 397940,2020. 7. 29, 2970, 166,,마재 ,롤토체스시즌3 ,핵막탄그브
444,마재TV, 91.4,[ENG Sub]10.15 버프를 제대로 받은 빅토르가 만들어 낸 새로운 1티어덱. 메파광빅토르 (롤토체스 tft 롤토체스3.5), 365623,2020. 7. 29, 2696, 110,,마재 ,롤토체스시즌3 ,메파광빅토르
445,마재TV, 91.4,[ENG Sub]쉴드치러 왔습니다!! 쉴드로 치러 왔다고!! 궁한방에 펜타킬 방사능모데카이저 (롤토체스 tft 롤토체스시즌3), 466876,2020. 7. 27, 3209, 166,,마재 ,롤토체스시즌3 ,방사능모데카이저
446,마재TV, 91.4,[ENG Sub]독니 한방에 9600딜!?! 이걸 흡혈로 빨아먹는 미친생존력을 보여드립니다. 흡혈귀카시 (롤토체스 tft 롤토체스3.5), 436803,2020. 7. 26, 3047, 134,,마재 ,롤토체스시즌3 ,흡혈귀카시
447,마재TV, 91.4,[ENG Sub]미친약쟁이가 해내고 말았습니다. 딜 뽕맛의 끝을 보여드립니다. 권왕 진 (롤토체스 tft 롤토체스3.5), 528554,2020. 7. 25, 3640, 157,,마재 ,롤토체스시즌3 ,권왕진
448,마재TV, 91.4,라이엇님 이렇게 쓰라고 루시안 핵버프주신거 맞죠? 시공루시안 (롤토체스 tft 롤토체스3.5), 480272,2020. 7. 24, 3080, 170,,마재 ,롤토체스시즌3 ,시공루시안
449,마재TV, 91.4,[ENG Sub]라이엇의 버프패치 + 미친 템운빨이 만들어낸 롤토체스 역사상 최강의 다리우스입니다. 우주최강다리우스 (롤토체스 tft 롤토체스3.5), 576366,2020. 7. 23, 4011, 215,,마재 ,롤토체스시즌3 ,우주최강다리우스
450,마재TV, 91.4,[ENG Sub]솔직히 이게 왜 쎈지 도저히 이해가 안되는데 ㅈㄴ쎕니다. ㅈㄴ거대라칸 (롤토체스 tft 롤토체스3.5), 492035,2020. 7. 22, 3798, 173,,마재 ,롤토체스시즌3 ,ㅈㄴ거대라칸
451,마재TV, 91.4,롤토체스 10.15 패치노트 리뷰 - 우주해적 떡상?!, 174661,2020. 7. 22, 1082, 33,,마재 ,롤토체스 ,패치노트
452,마재TV, 91.4,이거 진심으로 십덕게임 아닙니다. 제 말좀 들어보세요. [마력소녀], 134991,2020. 7. 21, 1445, 71,,마재 ,마력소녀,
453,마재TV, 91.4,가짜사나이보고 트라우마가 발동한 유튜버의 전투공병 군대썰, 226444,2020. 7. 20, 3148, 84,,마재 ,가짜사나이보고 ,추억이떠올랐다
454,마재TV, 91.4,[ENG Sub]이건 진짜 꼭 보셔야 합니다. 무친 전투기계 메커니즘 활용법. 상상 그 이상의 성능 전투기계에코 (롤토체스 tft 롤토체스3.5), 385259,2020. 7. 19, 3379, 140,,마재 ,롤토체스시즌3 ,전투기계에코
455,마재TV, 91.4,진정한 왜행성 최강자가 누구인가? 이 영상을 보면 그 누구도 반박할 수 없게 됩니다. (롤토체스 tft 롤토체스3.5) 3성갱플은 제외하자 얘들아, 377875,2020. 7. 19, 2940, 110,,마재 ,롤토체스시즌3 ,왜행성최강자
456,마재TV, 91.4,[ENG Sub]토르는 ㅈ밥이었다. 이분이 진정한 번개의 신입니다. 번개왕 야스오 (롤토체스 tft 롤토체스3.5), 481497,2020. 7. 18, 3251, 188,,마재 ,롤토체스시즌3 ,번개왕야스오
457,마재TV, 91.4,라이엇이 못잡는 고의트롤듀오 제대로 엿먹일 수 있는 방법을 알려드림, 424488,2020. 7. 18, 5029, 184,,마재 ,우디르 ,트롤엿먹이는법
458,캐릭온 TV, 91,포트나이트 해 봤는데 방귀만 끼고 다녔다! -캐릭온 꿀잼 게임 포트나이트, 82108,2020. 8. 3, 1874, 47,,,,
459,캐릭온 TV, 91,마인크래프트 SCP 시리즈 1화! 엄청나게 수상한 시설에 도착한 타키와 포오! -캐릭온 마크 애니 SCP, 314453,2020. 8. 1, 4855, 205,,,,
460,캐릭온 TV, 91,타키와 포오 앞으로 온 수상한 티켓! -캐릭온 마크 애니 SCP 시작!!, 278828,2020. 7. 31, 4143, 157,,,,
461,캐릭온 TV, 91,요정님 마을과 트리하우스와 괴생명체 -캐릭온 마크 애니, 317974,2020. 7. 29, 4539, 215,,,,
462,캐릭온 TV, 91,포오부대 돌격!! 적을 물리치고 성을 차지하라! Join Clash 3D -캐릭온 모바일 게임, 493607,2020. 7. 27, 4326, 325,,,,
463,캐릭온 TV, 91,로블록스 감옥을 몰래 탈옥하라! -캐릭온 로블록스 애니, 290483,2020. 7. 25, 3243, 195,,,,
464,캐릭온 TV, 91,나박사의 함정계획! 타키와 포오가 캠핑중 생긴 일! -캐릭온 마크 애니, 358661,2020. 7. 24, 5036, 218,,,,
465,캐릭온 TV, 91,크리퍼 바이러스에 오염된 마을! 나박사의 음모?! -캐릭온 마크 애니, 417584,2020. 7. 22, 5300, 235,,,,
466,캐릭온 TV, 91,카트라이더 러쉬플러스 L2라이센스에 도전하는 포오! -캐릭온 꿀잼 게임, 349188,2020. 7. 20, 3698, 279,,,,
467,캐릭온 TV, 91,스피드베어 토오의 카트라이더 러쉬플러스 라이센스 도전기! -캐릭온 꿀잼 게임, 309197,2020. 7. 18, 3639, 225,,,,
468,캐릭온 TV, 91,슈퍼맨 타키와 헐크 포오! 팬제작 스킨으로 짧은 연극 3편! (팬아트 리뷰) -캐릭온 마크 애니, 497912,2020. 7. 17, 6577, 332,,,,
469,캐릭온 TV, 91,끝이 없는 따라맨 포오의 최후! -캐릭온 마크 애니, 576362,2020. 7. 15, 5850, 425,,,,
470,캐릭온 TV, 91,로블록스 피기 마지막화 트루엔딩을 본 타키포오 -캐릭온 로블록스 애니, 381560,2020. 7. 13, 4083, 194,,,,
471,캐릭온 TV, 91,Wormate.io 최고의 초거대 지렁이 등장! 100만점을 향해가는 포오의 지렁이 키우기 2편 -캐릭온 꿀잼 게임, 600936,2020. 7. 11, 4140, 371,,,,
472,캐릭온 TV, 91,함정 뒤에 또 함정! 포오의 고양이 마리오 도전! (쇼본의 액션) -캐릭온 꿀잼 게임, 334967,2020. 7. 10, 3672, 203,,,,
473,캐릭온 TV, 91,롤러코스터 대작전! 재밌어도 재미없는 척 해야한다!! 캐릭온 마크 애니, 487819,2020. 7. 8, 5483, 319,,,,
474,캐릭온 TV, 91,피기 마지막 챕터 12! 시간을 거슬러 타키를 살려라! (로블록스 피기) -캐릭온 로블록스 애니, 395087,2020. 7. 6, 3857, 182,,,,
475,캐릭온 TV, 91,최강의 지렁이를 키워라! 포오의 지렁이 키우기 도전!!(Wormate.io) -캐릭온 꿀잼 게임, 582179,2020. 7. 4, 3992, 295,,,,
476,캐릭온 TV, 91,탈출불가의 미궁! 작품명 포오의 마음 속 탈출 대결! -캐릭온 마크애니, 656525,2020. 7. 3, 6150, 454,,,,
477,캐릭온 TV, 91,포오의 길찾기 연습을 위한 미로 탈출 대결! 마인크래프트 초보 VS 고수 -캐릭온 마크 애니, 557249,2020. 7. 1, 5232, 346,,,,
478,연다, 88.3,김블루 난 정말 진지하게 생각하고있어, 81889,2020. 8. 3, 3076, 29,,,,
479,연다, 88.3,5탄 800발 7탄 1000발 수류탄 25개 연막탄 30개 C4 2개, 115586,2020. 8. 2, 3199, 58,,,,
480,연다, 88.3,김블루 너 인성 문제있어?, 164840,2020. 8. 1, 5174, 75,,,,
481,연다, 88.3,강해지고 싶을 때 이 주문을 외쳐보아요, 78041,2020. 7. 31, 2868, 27,,,,
482,연다, 88.3,세계관 최강자가 되기 위한 싸움, 73364,2020. 7. 30, 2207, 31,,,,
483,연다, 88.3,널 보고만 있어도 난 행복해, 118575,2020. 7. 29, 4229, 38,,,,
484,연다, 88.3,나랑 결혼해줄래?, 187351,2020. 7. 27, 5405, 72,,,,
485,연다, 88.3,운영자님 제 춤 어때요?, 130166,2020. 7. 26, 3945, 46,,,,
486,연다, 88.3,🔥『스테이크 2kg 20분 챌린지』 유튜버 최초도전해서 최초성공했습니다, 353242,2020. 7. 25, 8262, 143,,,,
487,연다, 88.3,아직 안 끝났어...., 145115,2020. 7. 24, 3951, 47,,,,
488,연다, 88.3,그 놈의 1등이 대체 뭐라고, 99954,2020. 7. 23, 2905, 39,,,,
489,연다, 88.3,내가 하지말랬지, 158535,2020. 7. 22, 4319, 46,,,,
490,연다, 88.3,사실 저 왕따당하고 있습니다.. 더 이상 못 참겠습니다, 112371,2020. 7. 21, 3530, 39,,연다 ,대나무크루 ,배틀그라운드
491,연다, 88.3,🔥여기가 사녹의 새 핫플레이스인가? 숨막히는 싸움 레전드 찍었습니다, 129976,2020. 7. 19, 2991, 45,,연다 ,배틀그라운드 ,에어필드
492,연다, 88.3,저에게 거짓 모함을 하는 운영자를 고발합니다, 92930,2020. 7. 18, 2895, 30,,운영자님 ,이거다 ,농담인거아시죠
493,연다, 88.3,☢️브스스 님만 있으면 핵쟁이 암살해버릴 수 있습니다 ㅋㅋㅋㅋㅣ대나무크루 연다, 136235,2020. 7. 17, 3193, 56,,연다 ,대나무크루 ,브스스
494,연다, 88.3,🔥신규 보급차 루트트럭에 전설 무기가 숨겨져있다?! 여기엔 슬픈 전설이 있어.., 249532,2020. 7. 16, 4019, 87,,연다 ,루트트럭 ,업데이트
495,연다, 88.3,🔥사녹이 뼛속까지 바뀌었다?! 역대급 미친 퀄리티 ㄷㄷㄷ, 133958,2020. 7. 16, 3619, 57,,연다 ,사녹리마스터 ,업데이트
496,연다, 88.3,배그 인생 3년 처음으로 0.1%의 기적을 보았습니다, 161882,2020. 7. 14, 3293, 45,,연다 ,대나무크루 ,밀베꿀파밍
497,연다, 88.3,하지 말라고하면 자꾸 하고싶잖아 ㅋㅋㅋㅋㅣ대나무크루 연다, 110373,2020. 7. 13, 3225, 36,,연다 ,대나무크루 ,던질까말까
498,울산큰고래 박성주, 88.3,피온4 방송을 안 켜고 카드깡을 하면 초대박??, 84114,2020. 8. 3, 1833, 33,,,,
499,울산큰고래 박성주, 88.3,다이어트 하는 아내 앞에서 진짜 맛있게 라면 먹기ㅋㅋㅋㅋㅋㅋ, 118853,2020. 8. 2, 3074, 50,,다음엔 ,무엇을 ,먹어볼까요
500,울산큰고래 박성주, 88.3,GTA로 가짜사나이를 패러디 해봤습니다ㅋㅋㅋㅋㅋ, 52637,2020. 8. 1, 1679, 55,,GTA5 ,가짜사나이 ,패러디
501,울산큰고래 박성주, 88.3,피온4 새로운 아이콘을 위해 BP 올인했더니?!, 114088,2020. 7. 31, 1930, 81,,피파온라인4 ,아이콘 ,에이전트
502,울산큰고래 박성주, 88.3,피온4 100억팀 이기는 가성비 끝판왕 스쿼드?! [무과금 6편], 125732,2020. 7. 29, 1762, 57,,피파4 ,무과금 ,6편
503,울산큰고래 박성주, 88.3,피온4 새로운 본캐 드디어 아이콘 영입!!, 114620,2020. 7. 28, 1728, 50,,피파4 ,새로운본캐 ,12화
504,울산큰고래 박성주, 88.3,악플러 고소했습니다, 77881,2020. 7. 27, 2828, 85,,,,
505,울산큰고래 박성주, 88.3,피온4 황희찬의 새로운 팀으로!! 그런데..? [무과금 5편], 109483,2020. 7. 26, 1683, 58,,피파4 ,무과금 ,5편
506,울산큰고래 박성주, 88.3,피온4 버닝 대박 '터졌다' [무과금 4편], 123409,2020. 7. 25, 1833, 82,,피파4 ,무과금 ,4편
507,울산큰고래 박성주, 88.3,유튜브 잼민이 특, 51156,2020. 7. 24, 1745, 64,,소통방송 ,트위치 ,하이라이트
508,울산큰고래 박성주, 88.3,피온4 역대 컨셉팀 중에 가장 폭발적인 팀 완성!!, 110692,2020. 7. 23, 1641, 53,,피파4 ,본캐 ,11화
509,울산큰고래 박성주, 88.3,피온4 공식경기 찢어버리는 구단가치 '2억' 팀 [무과금 3편], 102330,2020. 7. 22, 1530, 51,,피파4 ,무과금 ,3편
510,울산큰고래 박성주, 88.3,아빠랑 공 차러 갈까?, 62489,2020. 7. 21, 1845, 38,,,,
511,울산큰고래 박성주, 88.3,피온4 빠칭코 1등 대박 먹었습니다!!, 119949,2020. 7. 20, 1989, 56,,피파4 ,본캐 ,10화
512,울산큰고래 박성주, 88.3,피온4 이건 좀 너무한거 아닙니까?? [무과금 2편], 93091,2020. 7. 19, 1514, 46,,피파4 ,무과금 ,2화
513,울산큰고래 박성주, 88.3,시청자와 맞짱 떴습니다, 64108,2020. 7. 18, 1272, 37,,롤 ,트위치 ,하이라이트
514,울산큰고래 박성주, 88.3,피온4 제대로 다시 시작합니다!! [무과금 1편], 118055,2020. 7. 17, 1964, 56,,피파4 ,무과금 ,1화
515,울산큰고래 박성주, 88.3,나이키 신상 축구공으로 슛팅 연습 뿌셔봤습니다, 104013,2020. 7. 17, 2053, 55,,나이키 ,플라이트 ,슛팅연습
516,울산큰고래 박성주, 88.3,유튜브 성공하는 개꿀팁 알려드립니다, 55712,2020. 7. 15, 1318, 18,,소통방송 ,트위치 ,하이라이트
517,울산큰고래 박성주, 88.3,피온4 공짜 토트넘 스쿼드로 손흥민 10-10 경기 재현해봤습니다, 121196,2020. 7. 14, 1871, 49,,피파4 ,손흥민10 ,토트넘스쿼드
518,맥큐뭅, 83.2,발로 하는 비트세이버 (관짝춤), 43542,2020. 8. 4, 5400, 30,,,,
519,맥큐뭅, 83.2,지옥의 비트세이버 (4K), 78733,2020. 8. 1, 5042, 29,,,,
520,맥큐뭅, 83.2,[비트세이버] 요루시카 - 꽃에 망령 (EXPERT), 54903,2020. 7. 29, 3989, 26,,,,
521,맥큐뭅, 83.2,[비트세이버 4K] 둠(2016): Cyberdemon - Mick Gordon (EXPERT+), 185956,2020. 7. 25, 8474, 137,,,,
522,맥큐뭅, 83.2,[비트세이버] 칼린카 (러시아 민요) - Nightcore (EXPERT+), 239422,2020. 7. 20, 13016, 108,,,,
523,맥큐뭅, 83.2,[비트세이버] 밴디와 잉크기계 노래 - Build Our Machine (우리의 기계를 만들자) - DAGames (EXPERT), 449559,2020. 7. 16, 15125, 254,,,,
524,맥큐뭅, 83.2,마인크래프트와 비트세이버의 저주, 174031,2020. 7. 12, 6672, 125,,,,
525,맥큐뭅, 83.2,[비트세이버] 오버킬 (EXPERT+) 1년 후, 477130,2020. 7. 9, 14501, 176,,,,
526,맥큐뭅, 83.2,[비트세이버] Bad Apple!! - 동방 프로젝트 (EXPERT+), 487055,2020. 7. 5, 25731, 149,,,,
527,맥큐뭅, 83.2,[비트세이버] 블랙핑크 - 'How You Like That' (EXPERT+), 265035,2020. 7. 4, 9204, 124,,,,
528,맥큐뭅, 83.2,[비트세이버] Fall Out Boy - The Phoenix (EXPERT+), 118031,2020. 7. 2, 6662, 45,,,,
529,맥큐뭅, 83.2,[비트세이버] 호시노 겐 – 코이 (恋) (EXPERT), 82800,2020. 6. 27, 3460, 27,,,,
530,맥큐뭅, 83.2,비트세이버로 스타워즈 하기, 93176,2020. 6. 26, 4512, 69,,,,
531,맥큐뭅, 83.2,[비트세이버] BLACKPINK - ‘뚜두뚜두 (DDU-DU DDU-DU)’ (EXPERT), 111287,2020. 6. 25, 5266, 51,,,,
532,맥큐뭅, 83.2,[비트세이버] USSR Anthem - 소련 국가 (NORMAL), 238325,2020. 6. 23, 16319, 224,,,,
533,맥큐뭅, 83.2,[비트세이버] Tokyo Machine - FLY [Monstercat Release] (EXPERT), 56707,최초 공개: 2020. 6. 18, 3585, 19,,,,
534,맥큐뭅, 83.2,[비트세이버] YOASOBI - 밤에 달리다 (EXPERT), 1508945,2020. 6. 14, 34414, 342,,,,
535,맥큐뭅, 83.2,[비트세이버] Wintergatan - Marble Machine (EXPERT), 163362,2020. 6. 14, 6687, 81,,,,
536,맥큐뭅, 83.2,[비트세이버] 헬테이커 OST - Mittsies - Vitality (EXPERT), 928080,2020. 6. 12, 38055, 300,,,,
537,맥큐뭅, 83.2,[비트세이버] TWICE (트와이스) - MORE & MORE (EXPERT+), 56795,2020. 6. 12, 3478, 35,,,,
538,머독방송, 81.4,형독아 군대가기전에 숨바꼭질 배우고가!!!!!!!!!, 125879,2020. 8. 2, 2479, 40,,카스온라인 ,숨바꼭질 ,형독
539,머독방송, 81.4,28년 살면서 처음으로 타투를 해봤습니다 (형독이한테 타투 해주기ㅋㅋㅋㅋㅋ), 147248,2020. 8. 1, 2975, 50,,신물쇼 ,Prinker,
540,머독방송, 81.4,형독이랑 친형제 맞다니까요?!!, 245583,2020. 7. 31, 4885, 44,,형독 ,머독 ,이번엔어그로
541,머독방송, 81.4,신기한 물건 쇼핑하기 6탄 Part 2 (조종되는 종이 비행기 물 위를 달리는 자전거 등등), 322560,2020. 7. 30, 5236, 133,,신물쇼 ,신기한물건,
542,머독방송, 81.4,여기서 패배하면 죽음의 사다리타기가 기다린다!!!!, 141598,2020. 7. 29, 2379, 85,,아이작,,
543,머독방송, 81.4,신기한 물건 쇼핑하기 6탄 (LED 틀니 루시드드림 수면 안대 자이언트 공 등등), 259712,2020. 7. 28, 4507, 111,,신물쇼 ,신기한물건,
544,머독방송, 81.4,장난감 총처럼 보이지만 사실 게이밍 장비입니다 (신물쇼 리뷰), 247502,2020. 7. 27, 3323, 80,,게이밍 ,신물쇼 ,카스
545,머독방송, 81.4,진격하는 거인을 막아라 (개무서움ㅋㅋㅋㅋㅋ), 147003,2020. 7. 26, 2015, 66,,오버워치 ,진격거 ,워크샵
546,머독방송, 81.4,블랙홀을 만들어버리는 미친 권총이 나왔습니다ㅋㅋㅋㅋㅋ (최초의 에픽 보조무기), 160822,2020. 7. 25, 1763, 44,,카스온라인 ,에픽 ,보이드어벤저
547,머독방송, 81.4,크기가 작아지는 모드로 숨바꼭질 해봤습니다ㅋㅋㅋㅋㅋ (개꿀잼), 180541,2020. 7. 24, 2467, 96,,오버워치 ,워크샵 ,크기가전부다
548,머독방송, 81.4,19만원 랜덤박스를 또 샀습니다.... (비교해보기), 510168,2020. 7. 21, 7005, 290,,랜던박스 ,흑우 ,vat19
549,머독방송, 81.4,고양이 마리오가 새롭게 나왔습니다ㅋㅋㅋㅋㅋ (더 어려워지고 충격적인 엔딩), 261062,2020. 7. 20, 4064, 112,,고양이마리오 ,뉴고양이마리오,
550,머독방송, 81.4,이게 2020년도 미니게임천국이지ㅋㅋㅋㅋㅋ, 229646,2020. 7. 19, 3189, 135,,미니게임천국 ,닌텐도스위치,
551,머독방송, 81.4,현질했더니 랭커가 되어버렸습니다ㅋㅋㅋㅋㅋ (바람의나라 : 연), 283228,2020. 7. 18, 2864, 201,,바람의나라 ,바람의나라연 ,바람의나라모바일
552,머독방송, 81.4,게임을 엄청나게 방해하는 작은머독이 태어났습니다ㅋㅋㅋㅋㅋ, 283342,2020. 7. 17, 4717, 66,,아이작 ,리틀머독 ,구스
553,머독방송, 81.4,신기한 물건 쇼핑하기 5탄 Part 2 (전기충격 알람시계 야생동물 육포 북한군복 등등 ), 304625,2020. 7. 16, 4787, 118,,신물쇼 ,신기한물건쇼핑,
554,머독방송, 81.4,현실 카트라이더가 가능한 카트를 샀습니다ㅋㅋㅋㅋㅋ (신물쇼 리뷰), 467079,2020. 7. 15, 7305, 131,,고카트키트 ,신물쇼 ,나인봇
555,머독방송, 81.4,신기한 물건 쇼핑하기 5탄 (음성인식 헬멧 뿌리는 스타킹 수중 호흡기 등등), 346071,2020. 7. 14, 5111, 141,,신물쇼 ,신기한물건쇼핑,
556,머독방송, 81.4,발디의 수학교실 2가나왔습니다 (더 무서워진 수학교실), 197619,2020. 7. 13, 3376, 59,,발디 ,발디의수학교실 ,공포게임
557,머독방송, 81.4,평점 1점 게임을 해봤는데... 이런 쓰레기들은 안잡나요? (소름 주의), 354696,2020. 7. 12, 5357, 115,,사기 ,모바일게임,
558,압둘알리과로사, 78,운동하다 멱살잡힌 과로사, 668737,2020. 8. 2, 8938, 116,,김계란 ,과로사 ,운동
559,압둘알리과로사, 78,마지막 방송, 1247967,2020. 7. 30, 18403, 604,,,,
560,압둘알리과로사, 78,미군과 함께 실탄사격하는 제주도 여행기, 638492,2020. 7. 27, 10423, 189,,,,
561,압둘알리과로사, 78,‘NANI 티셔츠’ 화보 촬영 현장 VLOG, 198319,2020. 7. 24, 3543, 65,,,,
562,압둘알리과로사, 78,살 찌우기 위해 하루 12끼 먹는 사람, 738779,2020. 7. 23, 10749, 193,,,,
563,압둘알리과로사, 78,“오늘 천국은 쉬는 날인가요? 천사가 내려와 있길래” | 과로사 연애코칭, 156761,2020. 7. 21, 3352, 37,,,,
564,압둘알리과로사, 78,추리 게임을 피지컬 게임으로 즐기는 사람 | 어몽어스 합방, 458179,2020. 7. 19, 6591, 96,,,,
565,압둘알리과로사, 78,상상 그 이상으로 창의적인 플레이, 208631,2020. 7. 17, 2478, 48,,,,
566,압둘알리과로사, 78,헬스장에서 고문당하는 과로사, 756047,2020. 7. 15, 10584, 195,,,,
567,압둘알리과로사, 78,리듬게임 전문 스트리머 과로사, 297547,2020. 7. 13, 5151, 54,,,,
568,압둘알리과로사, 78,2020 AMD 자낳대 시즌1 4강 | NDS vs 응애세력, 118296,2020. 7. 6, 1673, 22,,,,
569,압둘알리과로사, 78,광고좀 하자 좀, 194955,2020. 7. 5, 4851, 43,,,,
570,압둘알리과로사, 78,팀을 믿기 시작한 외로운 늑대 | 자낳대 스크림, 164975,2020. 7. 4, 2298, 42,,리그오브레전드 ,압둘알리 ,롤
571,압둘알리과로사, 78,압둘알리 100% 술탄 과로사의 공포정치 | 자낳대 스크림, 224310,2020. 7. 2, 2714, 43,,리그오브레전드 ,압둘알리 ,롤
572,압둘알리과로사, 78,파키스탄식 칭찬 (ft. 스나랑), 236882,2020. 6. 30, 3067, 44,,리그오브레전드 ,압둘알리 ,롤
573,압둘알리과로사, 78,가족 이름 맞추기 퀴즈, 403480,2020. 6. 28, 8095, 94,,압둘알리,,
574,압둘알리과로사, 78,압둘알리 행복사 | 자낳대 스크림, 265251,2020. 6. 26, 3455, 47,,리그오브레전드 ,압둘알리 ,롤
575,압둘알리과로사, 78,일부러 바론 뺏기는 사람 | LCK 따라잡기 챌린지, 200726,2020. 6. 24, 2235, 76,,LCK따라잡기 ,LCK ,틱톡
576,압둘알리과로사, 78,밥 먹기 싫어서 가출하는 사람, 1363329,2020. 6. 21, 19343, 284,,압둘알리 ,성내동,
577,압둘알리과로사, 78,캡틴파키스탄 출격 | 자낳대 조추첨식 + 스크림, 252765,2020. 6. 19, 3274, 49,,리그오브레전드 ,압둘알리 ,롤
578,군림보, 75.6,삼촌...? 내가?, 59613,2020. 8. 3, 1706, 25,,배틀그라운드,,
579,군림보, 75.6,사녹은 이게 문제 입니다!, 89334,2020. 8. 2, 1866, 38,,배틀그라운드,,
580,군림보, 75.6,🔥풀파밍 3분이면 끝🔥 루트트럭이 계속 지나가는 사녹 꿀파밍지역 공개, 68892,2020. 8. 1, 1316, 29,,배틀그라운드,,
581,군림보, 75.6,사녹 업뎃 첫날부터 발견된 루트트럭 버그!?, 112697,2020. 7. 29, 2116, 45,,배틀그라운드,,
582,군림보, 75.6,이 총으로 치킨을 먹으라구요?.., 132182,2020. 7. 28, 2449, 44,,배틀그라운드,,
583,군림보, 75.6,상대방 죽이고 절하면 XX만원..? 제사 미션ㅋㅋㅋㅋㅋ, 96762,2020. 7. 26, 2114, 38,,배틀그라운드,,
584,군림보, 75.6,얼굴공개..?, 131524,2020. 7. 25, 3617, 59,,밸런스게임,,
585,군림보, 75.6,뭐야 펍지... 인성 문제 있어?, 143114,2020. 7. 24, 2999, 48,,배틀그라운드,,
586,군림보, 75.6,🔥C4의 치명적인 문제점🔥을 발견했습니다.., 145137,2020. 7. 23, 2285, 28,,배틀그라운드 ,C4,
587,군림보, 75.6,운영자님에게 비켄디의 문제점을 대놓고 말씀드려 봤습니다ㅋㅋㅋㅋ, 135064,2020. 7. 22, 2447, 57,,배틀그라운드,,
588,군림보, 75.6,오버워치요..?, 154195,2020. 7. 21, 3485, 69,,오버워치,,
589,군림보, 75.6,여기서 뭐하세요ㅋㅋㅋㅋ, 147187,2020. 7. 18, 2956, 49,,배틀그라운드,,
590,군림보, 75.6,🔥나랑 싸워볼 사람 루인스로 다 오라고 했더니 ㄷㄷㄷ 얘들아 살려줘, 136732,2020. 7. 17, 2267, 57,,배틀그라운드,,
591,군림보, 75.6,때리기만 해도 템을 주는 🔥루트트럭🔥의 등장! 희귀 총까지 준다!?, 289975,2020. 7. 16, 3819, 86,,배틀그라운드 ,루트트럭 ,사녹리마스터
592,군림보, 75.6,🔥배그 국민맵 사녹이 리마스터 되었습니다, 139876,2020. 7. 16, 2715, 46,,배틀그라운드 ,사녹 ,사녹리마스터
593,군림보, 75.6,총도 아니고 다시아로 헤드샷ㅋㅋㅋㅋㅋ, 133413,2020. 7. 15, 2589, 68,,배틀그라운드,,
594,군림보, 75.6,아무리 때려도 안죽는 불사신을 만났는데.. 운영자님 등장ㅋㅋㅋㅋ, 136211,2020. 7. 14, 2926, 49,,배틀그라운드,,
595,군림보, 75.6,사녹에서 8배율을 먹으면 생기는 일, 135332,2020. 7. 12, 2673, 41,,배틀그라운드,,
596,군림보, 75.6,아니요, 124155,2020. 7. 11, 3278, 34,,아키네이터,,
597,군림보, 75.6,QnA.. 솔직하게 답변 드리겠습니다!, 134957,2020. 7. 10, 4727, 64,,,,
